局ID,局名,緯度,経度,都府県振興局,観測所番号,種類,ｶﾀｶﾅ名
s47401,稚内,45.415,141.67833333333334,宗谷,11016.0,官,ﾜｯｶﾅｲ
a0002,沓形,45.178333333333335,141.13833333333332,宗谷,11151.0,四,ｸﾂｶﾞﾀ
a0003,浜頓別,45.125,142.35,宗谷,11206.0,四,ﾊﾏﾄﾝﾍﾞﾂ
s47402,北見枝幸,44.94,142.585,宗谷,11291.0,官,ｷﾀﾐｴｻｼ
a0005,歌登,44.84166666666667,142.48,宗谷,11316.0,四,ｳﾀﾉﾎﾞﾘ
a1051,中頓別,44.965,142.28,宗谷,11276.0,四,ﾅｶﾄﾝﾍﾞﾂ
a1054,豊富,45.10166666666667,141.78,宗谷,11176.0,四,ﾄﾖﾄﾐ
a1203,沼川,45.248333333333335,141.85166666666666,宗谷,11121.0,四,ﾇﾏｶﾜ
a1284,宗谷岬,45.52,141.935,宗谷,11001.0,四,ｿｳﾔﾐｻｷ
a1285,浜鬼志別,45.335,142.17,宗谷,11076.0,四,ﾊﾏｵﾆｼﾍﾞﾂ
a1512,本泊,45.24166666666667,141.18666666666667,宗谷,11091.0,官,ﾓﾄﾄﾞﾏﾘ
a1528,声問,45.403333333333336,141.80166666666668,宗谷,11061.0,官,ｺｴﾄｲ
a1546,礼文,45.305,141.045,宗谷,11046.0,四,ﾚﾌﾞﾝ
a1573,幌延,45.00666666666667,141.85166666666666,宗谷,13011.0,雨,ﾎﾛﾉﾍﾞ
a0024,天塩,44.89333333333333,141.76166666666666,留萌,13061.0,四,ﾃｼｵ
a0025,遠別,44.718333333333334,141.80666666666667,留萌,13086.0,四,ｴﾝﾍﾞﾂ
s47404,羽幌,44.36333333333334,141.7,留萌,13181.0,官,ﾊﾎﾞﾛ
s47406,留萌,43.945,141.63166666666666,留萌,13277.0,官,ﾙﾓｲ
a0028,増毛,43.848333333333336,141.51,留萌,13311.0,四,ﾏｼｹ
a1112,古丹別,44.265,141.72166666666666,留萌,13206.0,雨,ｺﾀﾝﾍﾞﾂ
a1213,焼尻,44.428333333333335,141.42166666666665,留萌,13146.0,四,ﾔｷﾞｼﾘ
a1216,初山別,44.52333333333333,141.77,留萌,13121.0,四,ｼｮｻﾝﾍﾞﾂ
a1217,達布,44.04833333333333,141.85666666666665,留萌,13261.0,四,ﾀｯﾌﾟ
a1218,幌糠,43.85333333333333,141.76,留萌,13321.0,四,ﾎﾛﾇｶ
a0006,美深,44.48,142.34166666666667,上川,12141.0,四,ﾋﾞﾌｶ
a0008,名寄,44.37,142.45666666666668,上川,12181.0,四,ﾅﾖﾛ
a0009,西風連,44.295,142.35833333333332,上川,12217.0,雨,ﾆｼﾌｳﾚﾝ
a0010,下川,44.295,142.63666666666666,上川,12231.0,四,ｼﾓｶﾜ
a0011,士別,44.18666666666667,142.41666666666666,上川,12261.0,四,ｼﾍﾞﾂ
a0015,上川,43.846666666666664,142.75333333333333,上川,12411.0,四,ｶﾐｶﾜ
s47407,旭川,43.75666666666667,142.37166666666667,上川,12442.0,官,ｱｻﾋｶﾜ
a0017,瑞穂,43.736666666666665,142.63833333333332,上川,12457.0,雨,ﾐｽﾞﾎ
a0017,瑞穂,43.736666666666665,142.63833333333332,島根,68401.0,四,ﾐｽﾞﾎ
a0020,白金,43.475,142.65,上川,12607.0,雨,ｼﾛｶﾞﾈ
a0021,富良野,43.333333333333336,142.4,上川,12626.0,四,ﾌﾗﾉ
a1047,朝日,44.11833333333333,142.595,上川,12266.0,四,ｱｻﾋ
a1047,朝日,44.11833333333333,142.595,富山,55022.0,四,ｱｻﾋ
a1048,比布,43.87,142.47,上川,12396.0,四,ﾋﾟｯﾌﾟ
a1049,層雲峡,43.75333333333333,142.93,上川,12471.0,雨,ｿｳｳﾝｷｮｳ
a1052,美瑛,43.58833333333333,142.49333333333334,上川,12551.0,四,ﾋﾞｴｲ
a1055,和寒,44.028333333333336,142.41,上川,12301.0,四,ﾜｯｻﾑ
a1184,東川,43.70166666666667,142.50833333333333,上川,12451.0,四,ﾋｶﾞｼｶﾜ
a1185,志比内,43.64333333333333,142.58166666666668,上川,12512.0,四,ｼﾋﾞﾅｲ
a1188,幾寅,43.16833333333334,142.56833333333333,上川,12691.0,四,ｲｸﾄﾗ
a1189,占冠,42.97833333333333,142.395,上川,12746.0,四,ｼﾑｶｯﾌﾟ
a1190,上富良野,43.455,142.465,上川,12596.0,四,ｶﾐﾌﾗﾉ
a1191,江丹別,43.87,142.26,上川,12386.0,四,ｴﾀﾝﾍﾞﾂ
a1197,音威子府,44.72666666666667,142.265,上川,12041.0,四,ｵﾄｲﾈｯﾌﾟ
a1201,中川,44.82833333333333,142.07666666666665,上川,12011.0,四,ﾅｶｶﾞﾜ
a1280,麓郷,43.30166666666667,142.52166666666668,上川,12632.0,四,ﾛｸｺﾞｳ
a1458,東神楽,43.67,142.44666666666666,上川,12501.0,官,ﾋｶﾞｼｶｸﾞﾗ
a1570,小車,44.608333333333334,142.295,上川,12066.0,雨,ｵｸﾞﾙﾏ
a1572,剣淵,44.10666666666667,142.35333333333332,上川,12256.0,雨,ｹﾝﾌﾞﾁ
a1574,金山,43.138333333333335,142.41666666666666,上川,12686.0,雨,ｶﾅﾔﾏ
a1574,金山,43.138333333333335,142.41666666666666,山形,35116.0,四,ｶﾈﾔﾏ
a1574,金山,43.138333333333335,142.41666666666666,福島,36342.0,四,ｶﾈﾔﾏ
a1574,金山,43.138333333333335,142.41666666666666,岐阜,52406.0,四,ｶﾅﾔﾏ
a1053,幌加内,44.01,142.16,上川,15076.0,四,ﾎﾛｶﾅｲ
a1279,朱鞠内,44.281666666666666,142.16166666666666,上川,15041.0,四,ｼｭﾏﾘﾅｲ
s47405,雄武,44.58,142.96333333333334,ｵﾎｰﾂｸ,17036.0,官,ｵｳﾑ
a0063,興部,44.47,143.10833333333332,ｵﾎｰﾂｸ,17076.0,四,ｵｺｯﾍﾟ
s47435,紋別,44.345,143.355,ｵﾎｰﾂｸ,17112.0,官,ﾓﾝﾍﾞﾂ
a0065,湧別,44.21333333333333,143.61833333333334,ｵﾎｰﾂｸ,17166.0,四,ﾕｳﾍﾞﾂ
a0066,滝上,44.17666666666667,143.06166666666667,ｵﾎｰﾂｸ,17196.0,四,ﾀｷﾉｳｴ
a0067,上藻別,44.18666666666667,143.335,ｵﾎｰﾂｸ,17211.0,雨,ｶﾐﾓﾍﾞﾂ
a0068,常呂,44.115,144.03666666666666,ｵﾎｰﾂｸ,17246.0,四,ﾄｺﾛ
a0069,遠軽,44.053333333333335,143.54,ｵﾎｰﾂｸ,17306.0,四,ｴﾝｶﾞﾙ
a0070,佐呂間,44.01833333333333,143.76,ｵﾎｰﾂｸ,17316.0,四,ｻﾛﾏ
s47409,網走,44.016666666666666,144.27833333333334,ｵﾎｰﾂｸ,17341.0,官,ｱﾊﾞｼﾘ
a0072,生田原,43.916666666666664,143.53166666666667,ｵﾎｰﾂｸ,17501.0,四,ｲｸﾀﾊﾗ
a0073,仁頃山,43.86,143.74666666666667,ｵﾎｰﾂｸ,17512.0,雨,ﾆｺﾛﾔﾏ
a0074,北見,43.776666666666664,143.84166666666667,ｵﾎｰﾂｸ,17521.0,四,ｷﾀﾐ
a0075,小清水,43.84166666666667,144.485,ｵﾎｰﾂｸ,17546.0,四,ｺｼﾐｽﾞ
a0076,斜里,43.885,144.7,ｵﾎｰﾂｸ,17561.0,四,ｼｬﾘ
a0077,留辺蘂,43.74166666666667,143.45,ｵﾎｰﾂｸ,17596.0,四,ﾙﾍﾞｼﾍﾞ
a0079,美幌,43.77,144.17166666666665,ｵﾎｰﾂｸ,17631.0,四,ﾋﾞﾎﾛ
a0082,津別,43.70166666666667,144.03333333333333,ｵﾎｰﾂｸ,17717.0,四,ﾂﾍﾞﾂ
a0981,宇登呂,44.05166666666667,144.98166666666665,ｵﾎｰﾂｸ,17351.0,四,ｳﾄﾛ
a1073,西興部,44.33166666666666,142.935,ｵﾎｰﾂｸ,17091.0,四,ﾆｼｵｺｯﾍﾟ
a1092,白滝,43.865,143.15333333333334,ｵﾎｰﾂｸ,17482.0,四,ｼﾗﾀｷ
a1209,境野,43.70666666666666,143.64333333333335,ｵﾎｰﾂｸ,17607.0,四,ｻｶｲﾉ
a1263,東藻琴,43.84,144.285,ｵﾎｰﾂｸ,17541.0,雨,ﾋｶﾞｼﾓｺﾄ
a1420,丸瀬布,43.95166666666667,143.32833333333335,ｵﾎｰﾂｸ,17386.0,雨,ﾏﾙｾｯﾌﾟ
a1460,女満別,43.88,144.16333333333333,ｵﾎｰﾂｸ,17531.0,官,ﾒﾏﾝﾍﾞﾂ
a1487,紋別小向,44.303333333333335,143.40333333333334,ｵﾎｰﾂｸ,17116.0,官,ﾓﾝﾍﾞﾂｺﾑｶｲ
a1568,津別二又,43.583333333333336,143.865,ｵﾎｰﾂｸ,17776.0,雨,ﾂﾍﾞﾂﾌﾀﾏﾀ
a1569,置戸常元,43.62,143.44,ｵﾎｰﾂｸ,17686.0,雨,ｵｹﾄﾂﾈﾓﾄ
a1617,山園,43.74333333333333,144.33666666666667,ｵﾎｰﾂｸ,17642.0,雨,ﾔﾏｿﾞﾉ
a0038,石狩沼田,43.815,141.92666666666668,空知,15116.0,四,ｲｼｶﾘﾇﾏﾀ
a0039,深川,43.718333333333334,142.07333333333332,空知,15161.0,四,ﾌｶｶﾞﾜ
a0041,滝川,43.57,141.93833333333333,空知,15241.0,四,ﾀｷｶﾜ
a0043,芦別,43.52,142.19,空知,15251.0,四,ｱｼﾍﾞﾂ
a0044,美唄,43.36333333333334,141.82666666666665,空知,15321.0,四,ﾋﾞﾊﾞｲ
s47413,岩見沢,43.211666666666666,141.785,空知,15356.0,官,ｲﾜﾐｻﾞﾜ
a0047,長沼,43.01166666666666,141.69333333333333,空知,15431.0,四,ﾅｶﾞﾇﾏ
a0047,長沼,43.01166666666666,141.69333333333333,福島,36571.0,雨,ﾅｶﾞﾇﾏ
a0049,夕張,43.038333333333334,141.95666666666668,空知,15442.0,四,ﾕｳﾊﾞﾘ
a0999,月形,43.33,141.61666666666667,空知,15311.0,四,ﾂｷｶﾞﾀ
a1068,栗沢,43.12166666666667,141.745,空知,15391.0,雨,ｸﾘｻﾜ
a1287,空知吉野,43.595,141.73166666666665,空知,15231.0,四,ｿﾗﾁﾖｼﾉ
a1400,浦臼,43.428333333333335,141.80833333333334,空知,15276.0,雨,ｳﾗｳｽ
a1401,鹿島,43.08,142.1,空知,15451.0,雨,ｶｼﾏ
a1401,鹿島,43.08,142.1,島根,68091.0,四,ｶｼﾏ
a1402,沼の沢,42.96,142.02,空知,15491.0,雨,ﾇﾏﾉｻﾜ
a1419,新城,43.611666666666665,142.20333333333335,空知,15216.0,雨,ｼﾝｼﾞｮｳ
a1419,新城,43.611666666666665,142.20333333333335,愛知,51247.0,四,ｼﾝｼﾛ
a1566,赤平,43.553333333333335,142.06666666666666,空知,15247.0,雨,ｱｶﾋﾞﾗ
a1567,雨竜,43.66,141.89166666666668,空知,15197.0,雨,ｳﾘｭｳ
a1674,秩父別,43.78,141.96166666666667,空知,15156.0,四,ﾁｯﾌﾟﾍﾞﾂ
a0051,美国,43.27166666666667,140.56333333333333,後志,16026.0,四,ﾋﾞｸﾆ
a0052,余市,43.181666666666665,140.75833333333333,後志,16076.0,四,ﾖｲﾁ
s47411,小樽,43.181666666666665,141.015,後志,16091.0,官,ｵﾀﾙ
a0054,共和,42.98,140.60333333333332,後志,16156.0,四,ｷｮｳﾜ
a0055,蘭越,42.81,140.54166666666666,後志,16206.0,四,ﾗﾝｺｼ
s47433,倶知安,42.9,140.75666666666666,後志,16217.0,官,ｸｯﾁｬﾝ
s47421,寿都,42.795,140.22333333333333,後志,16252.0,官,ｽｯﾂ
a0060,喜茂別,42.79333333333334,140.94833333333332,後志,16286.0,四,ｷﾓﾍﾞﾂ
a0061,黒松内,42.663333333333334,140.31,後志,16321.0,四,ｸﾛﾏﾂﾅｲ
a1072,真狩,42.775,140.88,後志,16281.0,四,ﾏｯｶﾘ
a1091,赤井川,43.083333333333336,140.82,後志,16126.0,雨,ｱｶｲｶﾞﾜ
a1208,神恵内,43.145,140.42333333333335,後志,16061.0,四,ｶﾓｴﾅｲ
a1615,ニセコ,42.778333333333336,140.66666666666666,後志,16272.0,雨,ﾆｾｺ
a0030,新篠津,43.22,141.645,石狩,14101.0,四,ｼﾝｼﾉﾂ
a0031,山口,43.14833333333333,141.22166666666666,石狩,14116.0,四,ﾔﾏｸﾞﾁ
a0031,山口,43.14833333333333,141.22166666666666,山口,81286.0,官,ﾔﾏｸﾞﾁ
a0032,手稲山,43.083333333333336,141.20166666666665,石狩,14157.0,雨,ﾃｲﾈﾔﾏ
s47412,札幌,43.06,141.32833333333335,石狩,14163.0,官,ｻｯﾎﾟﾛ
s47412,札幌,43.06,141.32833333333335,石狩,14163.0,官,ｻｯﾎﾟﾛ
a0034,小金湯,42.96333333333333,141.21666666666667,石狩,14191.0,雨,ｺｶﾞﾈﾕ
a0035,恵庭島松,42.92666666666667,141.565,石狩,14206.0,四,ｴﾆﾜｼﾏﾏﾂ
a0037,支笏湖畔,42.77166666666667,141.40666666666667,石狩,14286.0,四,ｼｺﾂｺﾊﾝ
a1085,石狩,43.193333333333335,141.37,石狩,14121.0,四,ｲｼｶﾘ
a1193,浜益,43.58166666666666,141.38666666666666,石狩,14026.0,四,ﾊﾏﾏｽ
a1194,厚田,43.39666666666667,141.43666666666667,石狩,14071.0,四,ｱﾂﾀ
a1459,千歳,42.775,141.69166666666666,石狩,14296.0,官,ﾁﾄｾ
a1507,江別,43.11,141.60166666666666,石狩,14136.0,四,ｴﾍﾞﾂ
a0136,日高門別,42.49666666666667,142.05333333333334,日高,22141.0,四,ﾋﾀﾞｶﾓﾝﾍﾞﾂ
a0137,新和,42.54333333333334,142.33333333333334,日高,22156.0,四,ｼﾝﾜ
a0139,笹山,42.43333333333333,142.48166666666665,日高,22206.0,雨,ｻｻﾔﾏ
a0140,静内,42.343333333333334,142.36166666666668,日高,22241.0,四,ｼｽﾞﾅｲ
s47426,浦河,42.16166666666667,142.77666666666667,日高,22327.0,官,ｳﾗｶﾜ
a1097,仁世宇,42.77166666666667,142.35833333333332,日高,22072.0,雨,ﾆｾｳ
a1198,三石,42.245,142.66166666666666,日高,22291.0,四,ﾐﾂｲｼ
a1202,日高,42.876666666666665,142.44166666666666,日高,22036.0,四,ﾋﾀﾞｶ
a1264,幌満,42.07666666666667,143.035,日高,22366.0,雨,ﾎﾛﾏﾝ
a1276,目黒,42.12833333333333,143.31166666666667,日高,22356.0,雨,ﾒｸﾞﾛ
a1288,中杵臼,42.223333333333336,142.94833333333332,日高,22306.0,四,ﾅｶｷﾈｳｽ
a1340,えりも岬,41.925,143.24333333333334,日高,22391.0,四,ｴﾘﾓﾐｻｷ
a1430,旭,42.62833333333333,142.39333333333335,日高,22106.0,雨,ｱｻﾋ
a0101,陸別,43.471666666666664,143.75333333333333,十勝,20146.0,四,ﾘｸﾍﾞﾂ
a0103,ぬかびら源泉郷,43.36666666666667,143.19166666666666,十勝,20186.0,四,ﾇｶﾋﾞﾗｹﾞﾝｾﾝｷｮｳ
a0107,上士幌,43.24166666666667,143.295,十勝,20266.0,四,ｶﾐｼﾎﾛ
a0109,足寄,43.24333333333333,143.55333333333334,十勝,20276.0,四,ｱｼｮﾛ
a0112,本別,43.13166666666667,143.6,十勝,20341.0,四,ﾎﾝﾍﾞﾂ
a0113,新得,43.07666666666667,142.84,十勝,20356.0,四,ｼﾝﾄｸ
a0114,鹿追,43.10333333333333,142.995,十勝,20361.0,四,ｼｶｵｲ
a0115,芽室,42.9,143.04333333333332,十勝,20421.0,四,ﾒﾑﾛ
s47417,帯広,42.92166666666667,143.21166666666667,十勝,20432.0,官,ｵﾋﾞﾋﾛ
s47417,帯広,42.92166666666667,143.21166666666667,十勝,20432.0,官,ｵﾋﾞﾋﾛ
a0117,池田,42.92,143.45833333333334,十勝,20441.0,四,ｲｹﾀﾞ
a0117,池田,42.92,143.45833333333334,徳島,71066.0,四,ｲｹﾀﾞ
a0118,浦幌,42.80833333333333,143.65666666666667,十勝,20506.0,四,ｳﾗﾎﾛ
a0121,大樹,42.5,143.27333333333334,十勝,20696.0,四,ﾀｲｷ
s47440,広尾,42.29333333333334,143.31666666666666,十勝,20751.0,官,ﾋﾛｵ
a1204,駒場,43.05,143.18333333333334,十勝,20371.0,四,ｺﾏﾊﾞ
a1210,上札内,42.641666666666666,143.09666666666666,十勝,20601.0,四,ｶﾐｻﾂﾅｲ
a1211,更別,42.651666666666664,143.195,十勝,20606.0,四,ｻﾗﾍﾞﾂ
a1214,大津,42.68666666666667,143.64666666666668,十勝,20631.0,四,ｵｵﾂ
a1214,大津,42.68666666666667,143.64666666666668,滋賀,60216.0,四,ｵｵﾂ
a1286,糠内,42.78666666666667,143.32833333333335,十勝,20556.0,四,ﾇｶﾅｲ
a1404,小利別,43.58833333333333,143.68,十勝,20071.0,雨,ｼｮｳﾄｼﾍﾞﾂ
a1405,押帯,43.115,143.44333333333333,十勝,20331.0,雨,ｵｼｮｯﾌﾟ
a1409,柏倉,43.361666666666665,143.45833333333334,十勝,20202.0,雨,ｶｼﾜｸﾗ
a1410,上螺湾,43.318333333333335,143.80166666666668,十勝,20222.0,雨,ｶﾐﾗﾜﾝ
a1418,留真,42.916666666666664,143.66166666666666,十勝,20451.0,雨,ﾙｼﾝ
a1510,帯広泉,42.733333333333334,143.21666666666667,十勝,20551.0,官,ｵﾋﾞﾋﾛｲｽﾞﾐ
a1571,三股,43.51,143.14833333333334,十勝,20047.0,雨,ﾐﾂﾏﾀ
a0084,羅臼,44.02333333333333,145.18666666666667,根室,18038.0,四,ﾗｳｽ
a0085,標津,43.66166666666667,145.13166666666666,根室,18136.0,四,ｼﾍﾞﾂ
a0086,中標津,43.54333333333334,144.97833333333332,根室,18171.0,四,ﾅｶｼﾍﾞﾂ
a0088,別海,43.38166666666667,145.11833333333334,根室,18256.0,四,ﾍﾞﾂｶｲ
s47420,根室,43.33,145.585,根室,18273.0,官,ﾈﾑﾛ
a1056,納沙布,43.39333333333333,145.75833333333333,根室,18281.0,四,ﾉｻｯﾌﾟ
a1196,厚床,43.221666666666664,145.22666666666666,根室,18311.0,四,ｱｯﾄｺ
a1266,糸櫛別,43.721666666666664,144.98833333333334,根室,18091.0,雨,ｲﾄｸｼﾍﾞﾂ
a1489,根室中標津,43.57666666666667,144.96,根室,18174.0,官,ﾈﾑﾛﾅｶｼﾍﾞﾂ
a1547,上標津,43.52,144.74666666666667,根室,18161.0,四,ｶﾐｼﾍﾞﾂ
a0153,せたな,42.45,139.85166666666666,檜山,24041.0,四,ｾﾀﾅ
a0154,今金,42.428333333333335,140.00833333333333,檜山,24051.0,四,ｲﾏｶﾈ
a0156,潮見,42.038333333333334,140.08833333333334,檜山,24166.0,雨,ｼｵﾐ
s47428,江差,41.86666666666667,140.12333333333333,檜山,24217.0,官,ｴｻｼ
a1199,奥尻,42.248333333333335,139.55666666666667,檜山,24101.0,四,ｵｸｼﾘ
a1200,鶉,41.93,140.31166666666667,檜山,24201.0,四,ｳｽﾞﾗ
a1205,石崎,41.7,140.02833333333334,檜山,24236.0,雨,ｲｼｻﾞｷ
a1513,米岡,42.071666666666665,139.43166666666667,檜山,24156.0,官,ﾖﾈｵｶ
a0123,安平,42.815,141.82833333333335,胆振,21031.0,雨,ｱﾋﾞﾗ
a0124,厚真,42.73,141.88833333333332,胆振,21111.0,四,ｱﾂﾏ
a0125,穂別,42.76166666666667,142.14333333333335,胆振,21126.0,四,ﾎﾍﾞﾂ
a0126,森野,42.63,141.24666666666667,胆振,21171.0,四,ﾓﾘﾉ
s47424,苫小牧,42.623333333333335,141.54666666666665,胆振,21187.0,官,ﾄﾏｺﾏｲ
a0128,大岸,42.59,140.64333333333335,胆振,21226.0,四,ｵｵｷｼ
a0130,白老,42.54333333333334,141.35166666666666,胆振,21261.0,四,ｼﾗｵｲ
a0131,鵡川,42.59,141.93333333333334,胆振,21276.0,四,ﾑｶﾜ
a0132,伊達,42.475,140.84833333333333,胆振,21297.0,四,ﾀﾞﾃ
a0134,登別,42.458333333333336,141.11833333333334,胆振,21312.0,四,ﾉﾎﾞﾘﾍﾞﾂ
s47423,室蘭,42.31166666666667,140.975,胆振,21323.0,官,ﾑﾛﾗﾝ
a1067,大滝,42.67,141.07833333333335,胆振,21161.0,四,ｵｵﾀｷ
a1329,洞爺湖温泉,42.565,140.80666666666667,胆振,21237.0,雨,ﾄｳﾔｺｵﾝｾﾝ
a1429,カルルス,42.516666666666666,141.10666666666665,胆振,21251.0,雨,ｶﾙﾙｽ
a0090,川湯,43.61666666666667,144.45666666666668,釧路,19021.0,四,ｶﾜﾕ
a0091,阿寒湖畔,43.43666666666667,144.08333333333334,釧路,19076.0,四,ｱｶﾝｺﾊﾝ
a0093,標茶,43.291666666666664,144.58666666666667,釧路,19151.0,四,ｼﾍﾞﾁｬ
a0095,中徹別,43.19833333333333,144.14166666666668,釧路,19261.0,四,ﾅｶﾃｼﾍﾞﾂ
a0096,阿寒,43.11333333333334,144.12333333333333,釧路,19346.0,雨,ｱｶﾝ
a0098,白糠,42.97,144.06166666666667,釧路,19416.0,四,ｼﾗﾇｶ
s47418,釧路,42.985,144.37666666666667,釧路,19432.0,官,ｸｼﾛ
a1107,二俣,42.971666666666664,143.875,釧路,19406.0,雨,ﾌﾀﾏﾀ
a1186,鶴居,43.23166666666667,144.325,釧路,19191.0,四,ﾂﾙｲ
a1187,弟子屈,43.51,144.46666666666667,釧路,19051.0,四,ﾃｼｶｶﾞ
a1192,太田,43.09,144.77833333333334,釧路,19376.0,四,ｵｵﾀ
a1195,榊町,43.12,145.11,釧路,19311.0,四,ｻｶｷﾏﾁ
a1283,知方学,42.93833333333333,144.735,釧路,19451.0,四,ﾁｯﾎﾟﾏﾅｲ
a1403,塘路,43.14833333333333,144.49666666666667,釧路,19281.0,雨,ﾄｳﾛ
a1417,茶内原野,43.17333333333333,144.96666666666667,釧路,19301.0,雨,ﾁｬﾅｲｹﾞﾝﾔ
a1461,鶴丘,43.04,144.19166666666666,釧路,19347.0,官,ﾂﾙｵｶ
a0143,長万部,42.516666666666666,140.37333333333333,渡島,23031.0,四,ｵｼｬﾏﾝﾍﾞ
a0144,八雲,42.251666666666665,140.27166666666668,渡島,23086.0,四,ﾔｸﾓ
a0145,森,42.06666666666667,140.58833333333334,渡島,23166.0,四,ﾓﾘ
a0146,大沼,41.97666666666667,140.715,渡島,23191.0,雨,ｵｵﾇﾏ
a0147,川汲,41.905,140.97,渡島,23206.0,四,ｶｯｸﾐ
a0148,北斗,41.88666666666667,140.65333333333334,渡島,23226.0,四,ﾎｸﾄ
s47430,函館,41.81666666666667,140.75333333333333,渡島,23232.0,官,ﾊｺﾀﾞﾃ
a0152,松前,41.42333333333333,140.08666666666667,渡島,23376.0,四,ﾏﾂﾏｴ
a0917,木古内,41.68,140.43666666666667,渡島,23326.0,四,ｷｺﾅｲ
a1265,千軒,41.55833333333333,140.27166666666668,渡島,23356.0,雨,ｾﾝｹﾞﾝ
a1462,高松,41.77,140.82166666666666,渡島,23281.0,官,ﾀｶﾏﾂ
a1462,高松,41.77,140.82166666666666,香川,72086.0,官,ﾀｶﾏﾂ
a1543,戸井泊,41.71666666666667,141.00333333333333,渡島,23291.0,雨,ﾄｲﾄﾏﾘ
a1552,知内,41.598333333333336,140.375,渡島,23321.0,雨,ｼﾘｳﾁ
a0155,熊石,42.12833333333333,139.985,渡島,24141.0,四,ｸﾏｲｼ
s47576,むつ,41.28333333333333,141.21,青森,31111.0,官,ﾑﾂ
a0160,蟹田,41.045,140.63333333333333,青森,31201.0,四,ｶﾆﾀ
s47575,青森,40.821666666666665,140.76833333333335,青森,31312.0,官,ｱｵﾓﾘ
a0162,野辺地,40.885,141.16,青森,31332.0,四,ﾉﾍｼﾞ
a0163,鰺ケ沢,40.776666666666664,140.205,青森,31366.0,四,ｱｼﾞｶﾞｻﾜ
a0164,五所川原,40.80833333333333,140.45833333333334,青森,31296.0,四,ｺﾞｼｮｶﾞﾜﾗ
s47574,深浦,40.645,139.93166666666667,青森,31436.0,官,ﾌｶｳﾗ
a0166,弘前,40.611666666666665,140.455,青森,31461.0,四,ﾋﾛｻｷ
a0167,黒石,40.666666666666664,140.585,青森,31466.0,四,ｸﾛｲｼ
a0169,三沢,40.675,141.375,青森,31506.0,四,ﾐｻﾜ
a0172,十和田,40.60666666666667,141.23333333333332,青森,31586.0,四,ﾄﾜﾀﾞ
s47581,八戸,40.526666666666664,141.52166666666668,青森,31602.0,官,ﾊﾁﾉﾍ
s47581,八戸,40.526666666666664,141.52166666666668,青森,31602.0,官,ﾊﾁﾉﾍ
a0174,大鰐,40.53,140.555,青森,31551.0,雨,ｵｵﾜﾆ
a0175,碇ケ関,40.48166666666667,140.62,青森,31646.0,四,ｲｶﾘｶﾞｾｷ
a0177,休屋,40.42666666666667,140.89833333333334,青森,31662.0,四,ﾔｽﾐﾔ
a0179,三戸,40.38333333333333,141.25666666666666,青森,31721.0,四,ｻﾝﾉﾍ
a1026,今別,41.18,140.48166666666665,青森,31136.0,四,ｲﾏﾍﾞﾂ
a1027,六ケ所,40.885,141.27166666666668,青森,31336.0,四,ﾛｯｶｼｮ
a1041,大間,41.526666666666664,140.91166666666666,青森,31001.0,四,ｵｵﾏ
a1042,大和山,40.848333333333336,140.985,青森,31321.0,雨,ﾔﾏﾄﾔﾏ
a1079,酸ケ湯,40.64833333333333,140.84833333333333,青森,31482.0,四,ｽｶﾕ
a1108,岳,40.62833333333333,140.26333333333332,青森,31451.0,雨,ﾀﾞｹ
a1119,市浦,41.056666666666665,140.34666666666666,青森,31186.0,四,ｼｳﾗ
a1122,小田野沢,41.235,141.39666666666668,青森,31121.0,四,ｵﾀﾞﾉｻﾜ
a1124,脇野沢,41.145,140.82166666666666,青森,31156.0,四,ﾜｷﾉｻﾜ
a1183,七戸,40.708333333333336,141.12833333333333,青森,31411.0,雨,ｼﾁﾉﾍ
a1272,戸来,40.468333333333334,141.17666666666668,青森,31671.0,雨,ﾍﾗｲ
a1406,温川,40.515,140.78333333333333,青森,31562.0,雨,ﾇﾙｶﾜ
a1495,青森大谷,40.733333333333334,140.68833333333333,青森,31386.0,官,ｱｵﾓﾘｵｵﾀﾆ
a1559,湯野川,41.31333333333333,140.95666666666668,青森,31036.0,雨,ﾕﾉｶﾜ
a0181,陣場,40.415,140.61,秋田,32091.0,雨,ｼﾞﾝﾊﾞ
a0183,能代,40.19833333333333,140.03166666666667,秋田,32111.0,四,ﾉｼﾛ
a0184,鷹巣,40.22666666666667,140.37166666666667,秋田,32126.0,四,ﾀｶﾉｽ
a0185,鹿角,40.215,140.78666666666666,秋田,32146.0,四,ｶﾂﾞﾉ
a0186,湯瀬,40.12,140.84,秋田,32206.0,四,ﾕｾﾞ
a0188,五城目,39.93833333333333,140.115,秋田,32296.0,四,ｺﾞｼﾞｮｳﾒ
s47582,秋田,39.71666666666667,140.09833333333333,秋田,32402.0,官,ｱｷﾀ
a0192,岩見三内,39.70666666666666,140.28666666666666,秋田,32407.0,四,ｲﾜﾐｻﾝﾅｲ
a0193,角館,39.60333333333333,140.55666666666667,秋田,32466.0,四,ｶｸﾉﾀﾞﾃ
a0194,田沢湖,39.69833333333333,140.73166666666665,秋田,32476.0,四,ﾀｻﾞﾜｺ
a0195,大曲,39.49,140.495,秋田,32551.0,四,ｵｵﾏｶﾞﾘ
a0196,本荘,39.36,140.055,秋田,32571.0,四,ﾎﾝｼﾞｮｳ
a0198,横手,39.32,140.555,秋田,32596.0,四,ﾖｺﾃ
a0199,にかほ,39.255,139.91333333333333,秋田,32616.0,四,ﾆｶﾎ
a0200,矢島,39.235,140.13666666666666,秋田,32626.0,四,ﾔｼﾏ
a0202,湯沢,39.18666666666667,140.46333333333334,秋田,32691.0,四,ﾕｻﾞﾜ
a0202,湯沢,39.18666666666667,140.46333333333334,新潟,54841.0,四,ﾕｻﾞﾜ
a0204,湯の岱,38.96,140.52833333333334,秋田,32771.0,四,ﾕﾉﾀｲ
a0912,大館,40.251666666666665,140.505,秋田,32136.0,四,ｵｵﾀﾞﾃ
a1035,大潟,40.0,139.95,秋田,32287.0,四,ｵｵｶﾞﾀ
a1035,大潟,40.0,139.95,新潟,54586.0,四,ｵｵｶﾞﾀ
a1036,男鹿,39.91166666666667,139.9,秋田,32286.0,四,ｵｶﾞ
a1043,八森,40.413333333333334,139.94833333333332,秋田,32056.0,四,ﾊﾁﾓﾘ
a1050,大正寺,39.526666666666664,140.23333333333332,秋田,32496.0,四,ﾀﾞｲｼｮｳｼﾞ
a1109,東成瀬,39.178333333333335,140.64833333333334,秋田,32701.0,雨,ﾋｶﾞｼﾅﾙｾ
a1115,比立内,39.903333333333336,140.45,秋田,32312.0,雨,ﾋﾀﾁﾅｲ
a1117,東由利,39.305,140.28833333333333,秋田,32581.0,四,ﾋｶﾞｼﾕﾘ
a1131,阿仁合,39.99333333333333,140.40333333333334,秋田,32311.0,四,ｱﾆｱｲ
a1167,鎧畑,39.775,140.665,秋田,32426.0,雨,ﾖﾛｲﾊﾞﾀ
a1273,藤里,40.32,140.29333333333332,秋田,32071.0,雨,ﾌｼﾞｻﾄ
a1278,桧木内,39.81166666666667,140.585,秋田,32376.0,雨,ﾋﾉｷﾅｲ
a1289,八幡平,40.013333333333335,140.80166666666668,秋田,32266.0,四,ﾊﾁﾏﾝﾀｲ
a1407,笹子,39.10333333333333,140.29333333333332,秋田,32681.0,雨,ｼﾞﾈｺﾞ
a1408,藤原,40.35333333333333,140.78,秋田,32096.0,雨,ﾌｼﾞﾜﾗ
a1408,藤原,40.35333333333333,140.78,群馬,42046.0,四,ﾌｼﾞﾜﾗ
a1422,男鹿真山,39.93833333333333,139.78166666666667,秋田,32276.0,雨,ｵｶﾞｼﾝｻﾞﾝ
a1425,仁別,39.8,140.21666666666667,秋田,32408.0,雨,ﾆﾍﾞﾂ
a1463,脇神,40.19166666666667,140.37166666666667,秋田,32181.0,官,ﾜｷｶﾞﾐ
a1511,雄和,39.615,140.21833333333333,秋田,32451.0,官,ﾕｳﾜ
a1652,田沢湖高原,39.778333333333336,140.76166666666666,秋田,32431.0,雨,ﾀｻﾞﾜｺｺｳｹﾞﾝ
a0205,種市,40.403333333333336,141.7,岩手,33006.0,四,ﾀﾈｲﾁ
a0206,軽米,40.325,141.46666666666667,岩手,33026.0,四,ｶﾙﾏｲ
a0207,二戸,40.29833333333333,141.29833333333335,岩手,33071.0,四,ﾆﾉﾍ
a0209,久慈,40.16833333333334,141.74833333333333,岩手,33146.0,四,ｸｼﾞ
a0211,葛巻,40.04,141.45666666666668,岩手,33186.0,四,ｸｽﾞﾏｷ
a0214,岩手松尾,39.95166666666667,141.065,岩手,33226.0,四,ｲﾜﾃﾏﾂｵ
a0218,岩泉,39.846666666666664,141.795,岩手,33326.0,四,ｲﾜｲｽﾞﾐ
a0221,雫石,39.696666666666665,140.975,岩手,33421.0,四,ｼｽﾞｸｲｼ
s47584,盛岡,39.69833333333333,141.165,岩手,33431.0,官,ﾓﾘｵｶ
s47585,宮古,39.64666666666667,141.965,岩手,33472.0,官,ﾐﾔｺ
a0226,豊沢,39.48,140.96833333333333,岩手,33566.0,雨,ﾄﾖｻﾜ
a0227,花巻,39.428333333333335,141.135,岩手,33576.0,官,ﾊﾅﾏｷ
a0228,大迫,39.47,141.27833333333334,岩手,33581.0,四,ｵｵﾊｻﾏ
a0229,湯田,39.31,140.77666666666667,岩手,33631.0,四,ﾕﾀﾞ
a0230,北上,39.288333333333334,141.11,岩手,33716.0,四,ｷﾀｶﾐ
a0231,遠野,39.33833333333333,141.54333333333332,岩手,33671.0,四,ﾄｵﾉ
a0233,釜石,39.27,141.87833333333333,岩手,33751.0,四,ｶﾏｲｼ
a0235,若柳,39.14,141.06333333333333,岩手,33776.0,四,ﾜｶﾔﾅｷﾞ
a0236,江刺,39.18333333333333,141.16166666666666,岩手,33781.0,四,ｴｻｼ
s47512,大船渡,39.06333333333333,141.71333333333334,岩手,33877.0,官,ｵｵﾌﾅﾄ
a0238,一関,38.93333333333333,141.125,岩手,33911.0,四,ｲﾁﾉｾｷ
a0239,千厩,38.92166666666667,141.33,岩手,33921.0,四,ｾﾝﾏﾔ
a1028,祭畤,39.01166666666666,140.865,岩手,33831.0,雨,ﾏﾂﾙﾍﾞ
a1032,好摩,39.86833333333333,141.16666666666666,岩手,33296.0,四,ｺｳﾏ
a1033,山田,39.45,141.95666666666668,岩手,33616.0,四,ﾔﾏﾀﾞ
a1033,山田,39.45,141.95666666666668,福島,36836.0,四,ﾔﾏﾀﾞ
a1037,大野,40.281666666666666,141.66666666666666,岩手,33086.0,雨,ｵｵﾉ
a1037,大野,40.281666666666666,141.66666666666666,福井,57121.0,四,ｵｵﾉ
a1045,衣川,39.05,141.045,岩手,33841.0,雨,ｺﾛﾓｶﾞﾜ
a1078,薮川,39.78333333333333,141.32833333333335,岩手,33371.0,四,ﾔﾌﾞｶﾜ
a1113,米里,39.233333333333334,141.31,岩手,33726.0,雨,ﾖﾈｻﾄ
a1118,沢内,39.54833333333333,140.84333333333333,岩手,33486.0,四,ｻﾜｳﾁ
a1120,荒屋,40.10333333333333,141.05,岩手,33166.0,四,ｱﾗﾔ
a1123,普代,40.00333333333333,141.88333333333333,岩手,33206.0,四,ﾌﾀﾞｲ
a1128,紫波,39.54666666666667,141.12666666666667,岩手,33501.0,四,ｼﾜ
a1168,葛根田,39.776666666666664,140.945,岩手,33351.0,雨,ｶｯｺﾝﾀﾞ
a1206,住田,39.141666666666666,141.57333333333332,岩手,33801.0,四,ｽﾐﾀ
a1212,小本,39.846666666666664,141.96333333333334,岩手,33336.0,四,ｵﾓﾄ
a1215,奥中山,40.06,141.225,岩手,33176.0,四,ｵｸﾅｶﾔﾏ
a1219,山形,40.14833333333333,141.57166666666666,岩手,33136.0,四,ﾔﾏｶﾞﾀ
a1219,山形,40.14833333333333,141.57166666666666,山形,35426.0,官,ﾔﾏｶﾞﾀ
a1224,川井,39.598333333333336,141.68166666666667,岩手,33526.0,四,ｶﾜｲ
a1332,下戸鎖,40.085,141.71166666666667,岩手,33201.0,雨,ｼﾓﾄｸｻﾘ
a1447,区界,39.65,141.35333333333332,岩手,33441.0,四,ｸｻﾞｶｲ
a1508,大槌,39.43833333333333,141.80666666666667,岩手,33611.0,雨,ｵｵﾂﾁ
a1557,大東,39.038333333333334,141.29666666666665,岩手,33856.0,雨,ﾀﾞｲﾄｳ
a1557,大東,39.038333333333334,141.29666666666665,島根,68166.0,雨,ﾀﾞｲﾄｳ
a1558,金ケ崎,39.225,141.015,岩手,33711.0,雨,ｶﾈｶﾞｻｷ
a1560,滝沢,39.78,141.09666666666666,岩手,33361.0,雨,ﾀｷｻﾞﾜ
a1563,附馬牛,39.45666666666666,141.50666666666666,岩手,33596.0,雨,ﾂｷﾓｳｼ
a1653,一方井,39.973333333333336,141.16666666666666,岩手,33231.0,雨,ｲｯｶﾀｲ
a0560,珠洲,37.446666666666665,137.28666666666666,石川,56036.0,四,ｽｽﾞ
s47600,輪島,37.39,136.895,石川,56052.0,官,ﾜｼﾞﾏ
a0562,門前,37.26166666666666,136.72833333333332,石川,56081.0,雨,ﾓﾝｾﾞﾝ
a0564,志賀,37.14333333333333,136.725,石川,56116.0,四,ｼｶ
a0565,七尾,37.03,136.99166666666667,石川,56146.0,四,ﾅﾅｵ
a0566,羽咋,36.89333333333333,136.77666666666667,石川,56176.0,四,ﾊｸｲ
a0567,かほく,36.711666666666666,136.69166666666666,石川,56186.0,四,ｶﾎｸ
s47605,金沢,36.58833333333333,136.63333333333333,石川,56227.0,官,ｶﾅｻﾞﾜ
a0570,医王山,36.52,136.745,石川,56232.0,雨,ｲｵｳｾﾞﾝ
a0571,加賀中津原,36.26166666666666,136.39666666666668,石川,56301.0,四,ｶｶﾞﾅｶﾂﾊﾗ
a0973,白山河内,36.39666666666667,136.62,石川,56286.0,四,ﾊｸｻﾝｶﾜﾁ
a1171,白山白峰,36.18,136.625,石川,56346.0,雨,ﾊｸｻﾝｼﾗﾐﾈ
a1324,小松,36.38166666666667,136.435,石川,56276.0,四,ｺﾏﾂ
a1544,三井,37.29333333333334,136.96166666666667,石川,56093.0,官,ﾐｲ
a1545,宝達志水,36.788333333333334,136.76833333333335,石川,56192.0,雨,ﾎｳﾀﾞﾂｼﾐｽﾞ
a1650,舳倉島,37.85,136.91833333333332,石川,56401.0,雨,ﾍｸﾞﾗｼﾞﾏ
s47587,酒田,38.90833333333333,139.84333333333333,山形,35052.0,官,ｻｶﾀ
a0260,差首鍋,38.91833333333334,140.2,山形,35071.0,四,ｻｽﾅﾍﾞ
a0262,金山,38.87833333333333,140.33166666666668,上川,12686.0,雨,ｶﾅﾔﾏ
a0262,金山,38.87833333333333,140.33166666666668,山形,35116.0,四,ｶﾈﾔﾏ
a0262,金山,38.87833333333333,140.33166666666668,福島,36342.0,四,ｶﾈﾔﾏ
a0262,金山,38.87833333333333,140.33166666666668,岐阜,52406.0,四,ｶﾅﾔﾏ
a0263,鶴岡,38.735,139.82833333333335,山形,35141.0,四,ﾂﾙｵｶ
a0264,狩川,38.8,139.97333333333333,山形,35146.0,四,ｶﾘｶﾜ
s47520,新庄,38.75666666666667,140.31166666666667,山形,35162.0,官,ｼﾝｼﾞｮｳ
a0266,瀬見,38.755,140.41333333333333,山形,35171.0,雨,ｾﾐ
a0268,櫛引,38.67166666666667,139.84833333333333,山形,35201.0,雨,ｸｼﾋﾞｷ
a0272,左沢,38.37,140.19166666666666,山形,35376.0,四,ｱﾃﾗｻﾞﾜ
s47588,山形,38.255,140.345,岩手,33136.0,四,ﾔﾏｶﾞﾀ
s47588,山形,38.255,140.345,山形,35426.0,官,ﾔﾏｶﾞﾀ
a0275,長井,38.105,140.015,山形,35456.0,四,ﾅｶﾞｲ
a0277,小国,38.07833333333333,139.735,山形,35486.0,四,ｵｸﾞﾆ
a0277,小国,38.07833333333333,139.735,新潟,54606.0,雨,ｵｸﾞﾆ
a0278,高峰,37.99,139.95333333333335,山形,35541.0,四,ﾀｶﾐﾈ
a0279,米沢,37.91166666666667,140.14333333333335,山形,35552.0,四,ﾖﾈｻﾞﾜ
a0910,向町,38.75833333333333,140.51666666666668,山形,35176.0,四,ﾑｶｲﾏﾁ
a1039,尾花沢,38.608333333333334,140.41166666666666,山形,35231.0,四,ｵﾊﾞﾅｻﾞﾜ
a1040,鼠ケ関,38.56666666666667,139.55166666666668,山形,35246.0,四,ﾈｽﾞｶﾞｾｷ
a1125,肘折,38.60666666666667,140.16333333333333,山形,35216.0,四,ﾋｼﾞｵﾘ
a1132,高畠,38.00333333333333,140.20666666666668,山形,35511.0,四,ﾀｶﾊﾀ
a1291,飛島,39.18333333333333,139.54333333333332,山形,35002.0,四,ﾄﾋﾞｼﾏ
a1292,大井沢,38.39,139.99333333333334,山形,35361.0,四,ｵｵｲｻﾜ
a1357,荒沢,38.50833333333333,139.78166666666667,山形,35256.0,雨,ｱﾗｻﾜ
a1372,中津川,37.91,139.84333333333333,山形,35537.0,雨,ﾅｶﾂｶﾞﾜ
a1372,中津川,37.91,139.84333333333333,岐阜,52557.0,四,ﾅｶﾂｶﾞﾜ
a1465,浜中,38.81166666666667,139.78666666666666,山形,35086.0,官,ﾊﾏﾅｶ
a1488,東根,38.41166666666667,140.37,山形,35334.0,官,ﾋｶﾞｼﾈ
a1539,村山,38.46,140.34833333333333,山形,35332.0,四,ﾑﾗﾔﾏ
a1562,上山中山,38.11666666666667,140.21333333333334,山形,35466.0,雨,ｶﾐﾉﾔﾏﾅｶﾔﾏ
a1664,酒田大沢,38.965,139.99833333333333,山形,35056.0,雨,ｻｶﾀｵｵｻﾜ
a0242,気仙沼,38.906666666666666,141.55666666666667,宮城,34026.0,四,ｹｾﾝﾇﾏ
a0243,川渡,38.74333333333333,140.76,宮城,34096.0,四,ｶﾜﾀﾋﾞ
a0244,築館,38.735,141.005,宮城,34111.0,四,ﾂｷﾀﾞﾃ
a0246,志津川,38.681666666666665,141.44833333333332,宮城,34186.0,四,ｼﾂﾞｶﾞﾜ
a0247,古川,38.598333333333336,140.91166666666666,宮城,34216.0,四,ﾌﾙｶﾜ
a0248,大衡,38.473333333333336,140.88833333333332,宮城,34266.0,四,ｵｵﾋﾗ
a0249,鹿島台,38.46,141.09166666666667,宮城,34276.0,四,ｶｼﾏﾀﾞｲ
s47592,石巻,38.42666666666667,141.29833333333335,宮城,34292.0,官,ｲｼﾉﾏｷ
a0251,新川,38.303333333333335,140.63666666666666,宮城,34311.0,四,ﾆｯｶﾜ
s47590,仙台,38.26166666666666,140.89666666666668,宮城,34392.0,官,ｾﾝﾀﾞｲ
a0256,白石,38.015,140.61166666666668,宮城,34461.0,四,ｼﾛｲｼ
a0256,白石,38.015,140.61166666666668,佐賀,85166.0,四,ｼﾛｲｼ
a0257,亘理,38.025,140.85833333333332,宮城,34471.0,四,ﾜﾀﾘ
a0985,雄勝,38.52,141.465,宮城,34241.0,雨,ｵｶﾞﾂ
a1029,米山,38.625,141.18666666666667,宮城,34171.0,四,ﾖﾈﾔﾏ
a1030,塩釜,38.33833333333333,141.01333333333332,宮城,34331.0,四,ｼｵｶﾞﾏ
a1126,駒ノ湯,38.913333333333334,140.82833333333335,宮城,34012.0,四,ｺﾏﾉﾕ
a1220,丸森,37.931666666666665,140.77833333333334,宮城,34506.0,四,ﾏﾙﾓﾘ
a1298,筆甫,37.82666666666667,140.72833333333332,宮城,34526.0,雨,ﾋｯﾎﾟ
a1365,泉ケ岳,38.406666666666666,140.72166666666666,宮城,34262.0,雨,ｲｽﾞﾐｶﾞﾀﾞｹ
a1464,名取,38.138333333333335,140.91666666666666,宮城,34436.0,官,ﾅﾄﾘ
a1526,鴬沢,38.805,140.94833333333332,宮城,34056.0,雨,ｳｸﾞｲｽｻﾞﾜ
a1561,加美,38.571666666666665,140.72666666666666,宮城,34206.0,雨,ｶﾐ
a1564,蔵王,38.126666666666665,140.68,宮城,34462.0,四,ｻﾞｵｳ
a1626,女川,38.446666666666665,141.45,宮城,34296.0,四,ｵﾅｶﾞﾜ
a0546,朝日,36.93666666666667,137.56333333333333,上川,12266.0,四,ｱｻﾋ
a0546,朝日,36.93666666666667,137.56333333333333,富山,55022.0,四,ｱｻﾋ
a0547,魚津,36.821666666666665,137.42833333333334,富山,55056.0,四,ｳｵﾂﾞ
s47606,伏木,36.791666666666664,137.055,富山,55091.0,官,ﾌｼｷ
s47607,富山,36.708333333333336,137.20166666666665,富山,55102.0,官,ﾄﾔﾏ
a0552,砺波,36.61,136.955,富山,55141.0,四,ﾄﾅﾐ
a0553,上市,36.67,137.42333333333335,富山,55166.0,四,ｶﾐｲﾁ
a0554,南砺高宮,36.545,136.87166666666667,富山,55191.0,四,ﾅﾝﾄﾀｶﾐﾔ
a0555,八尾,36.57,137.15833333333333,富山,55206.0,四,ﾔﾂｵ
a0555,八尾,36.57,137.15833333333333,大阪,62096.0,官,ﾔｵ
a1309,氷見,36.825,136.96833333333333,富山,55041.0,四,ﾋﾐ
a1412,宇奈月,36.846666666666664,137.55666666666667,富山,55063.0,雨,ｳﾅﾂﾞｷ
a1414,大山,36.608333333333334,137.28333333333333,富山,55156.0,雨,ｵｵﾔﾏ
a1414,大山,36.608333333333334,137.28333333333333,鳥取,69152.0,雨,ﾀﾞｲｾﾝ
a1455,猪谷,36.473333333333336,137.23666666666668,富山,55267.0,雨,ｲﾉﾀﾆ
a1533,秋ヶ島,36.64833333333333,137.18666666666667,富山,55151.0,官,ｱｷｶﾞｼﾏ
a1553,五箇山,36.43,136.94166666666666,富山,55252.0,雨,ｺﾞｶﾔﾏ
a1621,立山芦峅,36.57666666666667,137.385,富山,55217.0,雨,ﾀﾃﾔﾏｱｼｸﾗ
a0515,村上,38.22666666666667,139.47833333333332,新潟,54086.0,四,ﾑﾗｶﾐ
s47602,相川,38.028333333333336,138.24,新潟,54157.0,官,ｱｲｶﾜ
a0518,両津,38.07333333333333,138.44,新潟,54166.0,四,ﾘｮｳﾂ
s47604,新潟,37.89333333333333,139.01833333333335,新潟,54232.0,官,ﾆｲｶﾞﾀ
s47604,新潟,37.89333333333333,139.01833333333335,新潟,54232.0,官,ﾆｲｶﾞﾀ
a0521,新津,37.791666666666664,139.08666666666667,新潟,54296.0,四,ﾆｲﾂ
a0522,巻,37.76833333333333,138.91333333333333,新潟,54341.0,四,ﾏｷ
a0524,寺泊,37.64,138.76666666666668,新潟,54387.0,四,ﾃﾗﾄﾞﾏﾘ
a0525,三条,37.64,138.955,新潟,54396.0,四,ｻﾝｼﾞｮｳ
a0526,村松,37.696666666666665,139.18833333333333,新潟,54406.0,雨,ﾑﾗﾏﾂ
a0527,津川,37.67166666666667,139.44666666666666,新潟,54421.0,四,ﾂｶﾞﾜ
a0529,長岡,37.45,138.82333333333332,新潟,54501.0,四,ﾅｶﾞｵｶ
a0530,栃尾,37.475,138.99166666666667,岐阜,52111.0,四,ﾄﾁｵ
a0530,栃尾,37.475,138.99166666666667,新潟,54506.0,雨,ﾄﾁｵ
a0532,柏崎,37.35166666666667,138.55333333333334,新潟,54541.0,四,ｶｼﾜｻﾞｷ
a0534,小出,37.22666666666667,138.96333333333334,新潟,54616.0,四,ｺｲﾃﾞ
s47612,高田,37.10666666666667,138.24666666666667,新潟,54651.0,官,ﾀｶﾀﾞ
a0536,安塚,37.10666666666667,138.45666666666668,新潟,54661.0,四,ﾔｽﾂﾞｶ
a0537,十日町,37.14333333333333,138.72666666666666,新潟,54676.0,四,ﾄｵｶﾏﾁ
a0539,糸魚川,37.04333333333334,137.875,新潟,54711.0,四,ｲﾄｲｶﾞﾜ
a0540,能生,37.083333333333336,138.02333333333334,新潟,54721.0,四,ﾉｳ
a0543,津南,36.99666666666667,138.68333333333334,新潟,54836.0,四,ﾂﾅﾝ
a0544,湯沢,36.94166666666667,138.81,秋田,32691.0,四,ﾕｻﾞﾜ
a0544,湯沢,36.94166666666667,138.81,新潟,54841.0,四,ﾕｻﾞﾜ
a0995,粟島,38.465,139.25333333333333,新潟,54012.0,四,ｱﾜｼﾏ
a0996,羽茂,37.84166666666667,138.31333333333333,新潟,54271.0,四,ﾊﾓﾁ
a0997,守門,37.346666666666664,139.04333333333332,新潟,54566.0,四,ｽﾓﾝ
a0998,関山,36.93333333333333,138.22166666666666,新潟,54816.0,四,ｾｷﾔﾏ
a1060,下関,38.09166666666667,139.56333333333333,新潟,54191.0,四,ｼﾓｾｷ
a1060,下関,38.09166666666667,139.56333333333333,山口,81428.0,官,ｼﾓﾉｾｷ
a1060,下関,38.09166666666667,139.56333333333333,山口,81428.0,官,ｼﾓﾉｾｷ
a1111,赤谷,37.835,139.415,新潟,54311.0,雨,ｱｶﾀﾞﾆ
a1154,小国,37.291666666666664,138.70166666666665,山形,35486.0,四,ｵｸﾞﾆ
a1154,小国,37.291666666666664,138.70166666666665,新潟,54606.0,雨,ｵｸﾞﾆ
a1155,松代,37.13166666666667,138.60666666666665,新潟,54671.0,雨,ﾏﾂﾀﾞｲ
a1256,高根,38.33,139.60333333333332,新潟,54056.0,雨,ﾀｶﾈ
a1297,平岩,36.88,137.86666666666667,新潟,54876.0,雨,ﾋﾗｲﾜ
a1302,大潟,37.225,138.325,秋田,32287.0,四,ｵｵｶﾞﾀ
a1302,大潟,37.225,138.325,新潟,54586.0,四,ｵｵｶﾞﾀ
a1315,弾崎,38.33,138.51166666666666,新潟,54041.0,四,ﾊｼﾞｷｻﾞｷ
a1318,中条,38.07666666666667,139.38833333333332,新潟,54181.0,四,ﾅｶｼﾞｮｳ
a1369,三面,38.24666666666667,139.605,新潟,54097.0,雨,ﾐｵﾓﾃ
a1370,大湯,37.205,139.06166666666667,新潟,54621.0,雨,ｵｵﾕ
a1395,塩沢,37.038333333333334,138.84666666666666,新潟,54761.0,雨,ｼｵｻﾞﾜ
a1398,宮寄上,37.58,139.14,新潟,54462.0,雨,ﾐﾔﾖﾘｶﾐ
a1424,樽本,36.89,138.275,新潟,54892.0,雨,ﾀﾙﾓﾄ
a1426,川谷,37.2,138.51666666666668,新潟,54666.0,雨,ｶﾜﾀﾞﾆ
a1427,筒方,37.03,138.34333333333333,新潟,54737.0,雨,ﾄﾞｳｶﾞﾀ
a1444,室谷,37.55,139.37,新潟,54472.0,雨,ﾑﾛﾔ
a1469,松浜,37.955,139.11166666666668,新潟,54236.0,官,ﾏﾂﾊﾏ
a1645,瓢湖,37.833333333333336,139.23666666666668,新潟,54301.0,雨,ﾋｮｳｺ
a0295,浪江,37.49166666666667,140.965,福島,36411.0,四,ﾅﾐｴ
a0304,小野新町,37.28666666666667,140.625,福島,36591.0,四,ｵﾉﾆｲﾏﾁ
a1034,広野,37.233333333333334,141.0,福島,36611.0,四,ﾋﾛﾉ
a1129,川内,37.336666666666666,140.80833333333334,福島,36501.0,四,ｶﾜｳﾁ
a1129,川内,37.336666666666666,140.80833333333334,鹿児島,88151.0,四,ｾﾝﾀﾞｲ
a0285,相馬,37.78333333333333,140.925,福島,36151.0,四,ｿｳﾏ
a0299,郡山,37.36833333333333,140.33,福島,36476.0,四,ｺｵﾘﾔﾏ
a0281,梁川,37.85166666666667,140.58833333333334,福島,36066.0,四,ﾔﾅｶﾞﾜ
s47595,福島,37.75833333333333,140.47,福島,36127.0,官,ﾌｸｼﾏ
s47595,福島,37.75833333333333,140.47,福島,36127.0,官,ﾌｸｼﾏ
a0286,喜多方,37.65833333333333,139.86333333333334,福島,36176.0,四,ｷﾀｶﾀ
a0288,原町,37.638333333333335,140.98333333333332,福島,36231.0,雨,ﾊﾗﾏﾁ
a0290,猪苗代,37.55166666666667,140.10833333333332,福島,36276.0,四,ｲﾅﾜｼﾛ
a0291,二本松,37.583333333333336,140.43,福島,36291.0,四,ﾆﾎﾝﾏﾂ
s47570,若松,37.48833333333334,139.91,福島,36361.0,官,ﾜｶﾏﾂ
a0294,船引,37.435,140.57666666666665,福島,36391.0,四,ﾌﾈﾋｷ
a0297,只見,37.343333333333334,139.31333333333333,福島,36426.0,四,ﾀﾀﾞﾐ
a0300,富岡,37.346666666666664,141.01666666666668,福島,36511.0,雨,ﾄﾐｵｶ
a0301,南郷,37.265,139.53666666666666,福島,36536.0,四,ﾅﾝｺﾞｳ
a0303,田島,37.20666666666666,139.795,福島,36641.0,四,ﾀｼﾞﾏ
s47597,白河,37.13166666666667,140.215,福島,36667.0,官,ｼﾗｶﾜ
a0307,石川,37.14666666666667,140.46,福島,36676.0,四,ｲｼｶﾜ
a0310,平,37.065,140.87666666666667,福島,36781.0,雨,ﾀｲﾗ
a0312,東白川,36.93833333333333,140.40833333333333,福島,36821.0,四,ﾋｶﾞｼｼﾗｶﾜ
s47598,小名浜,36.946666666666665,140.90333333333334,福島,36846.0,官,ｵﾅﾊﾏ
s47598,小名浜,36.946666666666665,140.90333333333334,福島,36846.0,官,ｵﾅﾊﾏ
a1031,西会津,37.58833333333333,139.65666666666667,福島,36251.0,四,ﾆｼｱｲﾂﾞ
a1044,金山,37.473333333333336,139.52833333333334,上川,12686.0,雨,ｶﾅﾔﾏ
a1044,金山,37.473333333333336,139.52833333333334,山形,35116.0,四,ｶﾈﾔﾏ
a1044,金山,37.473333333333336,139.52833333333334,福島,36342.0,四,ｶﾈﾔﾏ
a1044,金山,37.473333333333336,139.52833333333334,岐阜,52406.0,四,ｶﾅﾔﾏ
a1116,鷲倉,37.66833333333334,140.26,福島,36196.0,四,ﾜｼｸﾗ
a1130,飯舘,37.665,140.72666666666666,福島,36221.0,四,ｲｲﾀﾃ
a1150,津島,37.56,140.75333333333333,福島,36307.0,雨,ﾂｼﾏ
a1268,長沼,37.288333333333334,140.21833333333333,空知,15431.0,四,ﾅｶﾞﾇﾏ
a1268,長沼,37.288333333333334,140.21833333333333,福島,36571.0,雨,ﾅｶﾞﾇﾏ
a1269,舘岩,37.09166666666667,139.53166666666667,福島,36726.0,雨,ﾀﾃｲﾜ
a1274,川前,37.24666666666667,140.72333333333333,福島,36597.0,雨,ｶﾜﾏｴ
a1282,桧原,37.721666666666664,140.05833333333334,福島,36106.0,四,ﾋﾊﾞﾗ
a1293,茂庭,37.891666666666666,140.43666666666667,福島,36056.0,四,ﾓﾆﾜ
a1294,湯本,37.276666666666664,140.06333333333333,福島,36562.0,四,ﾕﾓﾄ
a1295,桧枝岐,37.01,139.375,福島,36716.0,四,ﾋﾉｴﾏﾀ
a1386,湖南,37.388333333333335,140.09,福島,36461.0,雨,ｺﾅﾝ
a1466,玉川,37.22666666666667,140.42666666666668,福島,36581.0,官,ﾀﾏｶﾜ
a1466,玉川,37.22666666666667,140.42666666666668,愛媛,73071.0,雨,ﾀﾏｶﾞﾜ
a1607,山田,36.93333333333333,140.73333333333332,岩手,33616.0,四,ﾔﾏﾀﾞ
a1607,山田,36.93333333333333,140.73333333333332,福島,36836.0,四,ﾔﾏﾀﾞ
a0765,須佐,34.615,131.62333333333333,山口,81011.0,四,ｽｻ
s47754,萩,34.41,131.405,山口,81071.0,官,ﾊｷﾞ
a0767,徳佐,34.39833333333333,131.725,山口,81151.0,四,ﾄｸｻ
a0769,秋吉台,34.235,131.30666666666667,山口,81196.0,四,ｱｷﾖｼﾀﾞｲ
a0771,広瀬,34.26166666666666,131.95166666666665,山口,81231.0,四,ﾋﾛｾ
a0772,豊田,34.18666666666667,131.07666666666665,愛知,51116.0,四,ﾄﾖﾀ
a0772,豊田,34.18666666666667,131.07666666666665,山口,81266.0,四,ﾄﾖﾀ
s47784,山口,34.16166666666667,131.46166666666667,石狩,14116.0,四,ﾔﾏｸﾞﾁ
s47784,山口,34.16166666666667,131.46166666666667,山口,81286.0,官,ﾔﾏｸﾞﾁ
a0775,防府,34.04,131.53333333333333,山口,81371.0,四,ﾎｳﾌ
a0776,下松,34.01,131.87166666666667,山口,81386.0,四,ｸﾀﾞﾏﾂ
s47762,下関,33.94833333333333,130.925,新潟,54191.0,四,ｼﾓｾｷ
s47762,下関,33.94833333333333,130.925,山口,81428.0,官,ｼﾓﾉｾｷ
s47762,下関,33.94833333333333,130.925,山口,81428.0,官,ｼﾓﾉｾｷ
a0778,宇部,33.93,131.27833333333334,山口,81436.0,官,ｳﾍﾞ
a0779,安下庄,33.903333333333336,132.29333333333332,山口,81486.0,四,ｱｹﾞﾉｼｮｳ
a0913,玖珂,34.095,132.075,山口,81397.0,四,ｸｶﾞ
a0939,油谷,34.37,131.055,山口,81116.0,四,ﾕﾔ
a0940,岩国,34.155,132.17833333333334,山口,81321.0,四,ｲﾜｸﾆ
a0942,柳井,33.958333333333336,132.11333333333334,山口,81481.0,四,ﾔﾅｲ
a1100,羅漢山,34.35,132.06333333333333,山口,81167.0,雨,ﾗｶﾝｻﾞﾝ
a1261,和田,34.17,131.75333333333333,山口,81301.0,雨,ﾜﾀﾞ
a1367,篠生,34.33833333333333,131.62666666666667,山口,81146.0,雨,ｼﾉﾌﾞ
a1614,鹿野,34.225,131.815,鳥取,69111.0,雨,ｼｶﾉ
a1614,鹿野,34.225,131.815,山口,81228.0,雨,ｶﾉ
a1620,東厚保,34.11833333333333,131.18166666666667,山口,81271.0,雨,ﾋｶﾞｼｱﾂ
s47740,西郷,36.20333333333333,133.33333333333334,島根,68022.0,官,ｻｲｺﾞｳ
a0693,鹿島,35.52,132.98333333333332,空知,15451.0,雨,ｶｼﾏ
a0693,鹿島,35.52,132.98333333333332,島根,68091.0,四,ｶｼﾏ
a0694,斐川,35.413333333333334,132.89,島根,68121.0,官,ﾋｶﾜ
s47741,松江,35.45666666666666,133.065,島根,68132.0,官,ﾏﾂｴ
a0696,大東,35.318333333333335,132.965,岩手,33856.0,雨,ﾀﾞｲﾄｳ
a0696,大東,35.318333333333335,132.965,島根,68166.0,雨,ﾀﾞｲﾄｳ
a0697,大田,35.19,132.49666666666667,島根,68246.0,四,ｵｵﾀﾞ
a0698,掛合,35.196666666666665,132.815,島根,68261.0,四,ｶｹﾔ
a0699,横田,35.17333333333333,133.10333333333332,島根,68276.0,四,ﾖｺﾀ
a0701,川本,34.97666666666667,132.49166666666667,島根,68351.0,四,ｶﾜﾓﾄ
s47755,浜田,34.89666666666667,132.07,島根,68376.0,官,ﾊﾏﾀﾞ
a0703,三隅,34.795,131.94833333333332,島根,68421.0,雨,ﾐｽﾐ
a0704,益田,34.68666666666667,131.85,島根,68462.0,四,ﾏｽﾀﾞ
a0707,津和野,34.461666666666666,131.77,島根,68516.0,四,ﾂﾜﾉ
a0954,佐田,35.221666666666664,132.72333333333333,島根,68206.0,雨,ｻﾀﾞ
a1093,桜江,34.95333333333333,132.33333333333334,島根,68346.0,雨,ｻｸﾗｴ
a1094,瑞穂,34.85333333333333,132.53,上川,12457.0,雨,ﾐｽﾞﾎ
a1094,瑞穂,34.85333333333333,132.53,島根,68401.0,四,ﾐｽﾞﾎ
a1095,伯太,35.35,133.27333333333334,島根,68181.0,雨,ﾊｸﾀ
a1175,波佐,34.78,132.19666666666666,島根,68436.0,雨,ﾊｻﾞ
a1176,匹見,34.571666666666665,132.01666666666668,島根,68501.0,雨,ﾋｷﾐ
a1307,海士,36.096666666666664,133.09666666666666,島根,68056.0,四,ｱﾏ
a1310,出雲,35.33166666666666,132.73,島根,68156.0,四,ｲｽﾞﾓ
a1320,赤名,35.001666666666665,132.71166666666667,島根,68306.0,四,ｱｶﾅ
a1321,弥栄,34.776666666666664,132.10833333333332,島根,68431.0,四,ﾔｻｶ
a1336,福光,35.07,132.33333333333334,島根,68286.0,雨,ﾌｸﾐﾂ
a1473,西郷岬,36.178333333333335,133.32333333333332,島根,68046.0,官,ｻｲｺﾞｳﾐｻｷ
a1474,高津,34.675,131.79,島根,68456.0,官,ﾀｶﾂ
a1592,吉賀,34.391666666666666,131.89333333333335,島根,68541.0,四,ﾖｼｶ
s47742,境,35.54333333333334,133.235,鳥取,69006.0,官,ｻｶｲ
s47746,鳥取,35.486666666666665,134.23833333333334,鳥取,69122.0,官,ﾄｯﾄﾘ
s47744,米子,35.43333333333333,133.33833333333334,鳥取,69076.0,官,ﾖﾅｺﾞ
a0709,青谷,35.52,133.99666666666667,鳥取,69041.0,四,ｱｵﾔ
a0711,岩井,35.55833333333333,134.36,鳥取,69061.0,四,ｲﾜｲ
a0713,倉吉,35.473333333333336,133.83833333333334,鳥取,69101.0,四,ｸﾗﾖｼ
a0716,大山,35.39333333333333,133.53666666666666,富山,55156.0,雨,ｵｵﾔﾏ
a0716,大山,35.39333333333333,133.53666666666666,鳥取,69152.0,雨,ﾀﾞｲｾﾝ
a0718,智頭,35.263333333333335,134.24,鳥取,69246.0,四,ﾁｽﾞ
a1177,関金,35.37833333333333,133.75666666666666,鳥取,69161.0,雨,ｾｷｶﾞﾈ
a1178,若桜,35.333333333333336,134.405,鳥取,69196.0,雨,ﾜｶｻ
a1231,塩津,35.52333333333333,133.56666666666666,鳥取,69021.0,四,ｼｵﾂ
a1304,茶屋,35.18666666666667,133.23,鳥取,69271.0,四,ﾁｬﾔ
a1385,佐治,35.32833333333333,134.11333333333334,鳥取,69181.0,雨,ｻｼﾞ
a1389,江尾,35.288333333333334,133.48333333333332,鳥取,69222.0,雨,ｴﾋﾞ
a1391,鹿野,35.413333333333334,134.01666666666668,鳥取,69111.0,雨,ｼｶﾉ
a1391,鹿野,35.413333333333334,134.01666666666668,山口,81228.0,雨,ｶﾉ
a1519,湖山,35.53,134.165,鳥取,69052.0,官,ｺﾔﾏ
a0607,香住,35.625,134.62666666666667,兵庫,63016.0,四,ｶｽﾐ
a0608,温泉,35.528333333333336,134.48,兵庫,63032.0,雨,ｵﾝｾﾝ
s47747,豊岡,35.535,134.82166666666666,兵庫,63051.0,官,ﾄﾖｵｶ
a0611,八鹿,35.39833333333333,134.74,兵庫,63116.0,雨,ﾖｳｶ
a0612,和田山,35.32333333333333,134.84833333333333,兵庫,63121.0,四,ﾜﾀﾞﾔﾏ
a0613,生野,35.166666666666664,134.79166666666666,兵庫,63201.0,四,ｲｸﾉ
a0614,柏原,35.13666666666666,135.065,兵庫,63216.0,四,ｶｲﾊﾞﾗ
a0615,一宮,35.096666666666664,134.585,愛知,51011.0,雨,ｲﾁﾉﾐﾔ
a0615,一宮,35.096666666666664,134.585,兵庫,63251.0,四,ｲﾁﾉﾐﾔ
a0617,佐用,35.016666666666666,134.36833333333334,兵庫,63241.0,雨,ｻﾖｳ
a0618,後川,35.025,135.29333333333332,兵庫,63346.0,雨,ｼﾂｶﾜ
a0619,上郡,34.858333333333334,134.37333333333333,兵庫,63366.0,四,ｶﾐｺﾞｵﾘ
s47769,姫路,34.83833333333333,134.67,兵庫,63383.0,官,ﾋﾒｼﾞ
a0624,家島,34.67166666666667,134.52666666666667,兵庫,63491.0,四,ｲｴｼﾏ
a0625,明石,34.68666666666667,134.87666666666667,兵庫,63496.0,四,ｱｶｼ
s47770,神戸,34.696666666666665,135.21166666666667,兵庫,63518.0,官,ｺｳﾍﾞ
s47770,神戸,34.696666666666665,135.21166666666667,兵庫,63518.0,官,ｺｳﾍﾞ
s47776,洲本,34.31,134.84833333333333,兵庫,63571.0,官,ｽﾓﾄ
a0956,西脇,34.998333333333335,134.99666666666667,兵庫,63331.0,四,ﾆｼﾜｷ
a0967,大屋,35.33166666666666,134.665,兵庫,63111.0,雨,ｵｵﾔ
a0968,福崎,34.95,134.74833333333333,兵庫,63321.0,四,ﾌｸｻｷ
a0969,三田,34.895,135.21166666666667,兵庫,63411.0,四,ｻﾝﾀﾞ
a0970,郡家,34.46666666666667,134.84833333333333,兵庫,63551.0,四,ｸﾞﾝｹﾞ
a0977,兎和野高原,35.431666666666665,134.58333333333334,兵庫,63071.0,四,ｳﾜﾉｺｳｹﾞﾝ
a1227,三木,34.776666666666664,135.01333333333332,兵庫,63461.0,四,ﾐｷ
a1337,南淡,34.218333333333334,134.72,兵庫,63588.0,四,ﾅﾝﾀﾞﾝ
a1587,神戸空港,34.63166666666667,135.22333333333333,兵庫,63517.0,官,ｺｳﾍﾞｸｳｺｳ
a1588,西宮,34.75,135.335,兵庫,63477.0,雨,ﾆｼﾉﾐﾔ
a0588,峰山,35.61833333333333,135.07166666666666,京都,61031.0,雨,ﾐﾈﾔﾏ
a0589,宮津,35.55,135.235,京都,61076.0,四,ﾐﾔﾂﾞ
s47750,舞鶴,35.45,135.31666666666666,京都,61111.0,官,ﾏｲﾂﾞﾙ
a0593,福知山,35.31166666666667,135.11333333333334,京都,61187.0,四,ﾌｸﾁﾔﾏ
a0596,園部,35.108333333333334,135.455,京都,61242.0,四,ｿﾉﾍﾞ
s47759,京都,35.013333333333335,135.73166666666665,京都,61286.0,官,ｷｮｳﾄ
s47759,京都,35.013333333333335,135.73166666666665,京都,61286.0,官,ｷｮｳﾄ
a0598,京田辺,34.83,135.76,京都,61326.0,四,ｷｮｳﾀﾅﾍﾞ
a0928,京北,35.181666666666665,135.66166666666666,京都,61251.0,雨,ｹｲﾎｸ
a0965,間人,35.736666666666665,135.08666666666667,京都,61001.0,四,ﾀｲｻﾞ
a0966,本庄,35.26,135.395,京都,61201.0,雨,ﾎﾝｼﾞｮｳ
a1025,長岡京,34.93,135.67833333333334,京都,61306.0,雨,ﾅｶﾞｵｶｷｮｳ
a1160,睦寄,35.38166666666667,135.45333333333335,京都,61151.0,雨,ﾑﾂﾖﾘ
a1303,美山,35.275,135.55,福井,57071.0,雨,ﾐﾔﾏ
a1303,美山,35.275,135.55,京都,61206.0,四,ﾐﾔﾏ
a1378,須知,35.17666666666667,135.42,京都,61241.0,雨,ｼｭｳﾁ
a1383,三和,35.21666666666667,135.23166666666665,京都,61192.0,雨,ﾐﾜ
a1641,坂浦,35.41833333333334,135.08666666666667,京都,61096.0,雨,ｻｶｳﾗ
a1671,綾部山家,35.29666666666667,135.315,京都,61196.0,雨,ｱﾔﾍﾞﾔﾏｶﾞ
s47616,福井,36.055,136.22166666666666,福井,57066.0,官,ﾌｸｲ
a0573,大野,35.971666666666664,136.49666666666667,岩手,33086.0,雨,ｵｵﾉ
a0573,大野,35.971666666666664,136.49666666666667,福井,57121.0,四,ｵｵﾉ
a0577,今庄,35.766666666666666,136.2,福井,57206.0,四,ｲﾏｼﾞｮｳ
s47631,敦賀,35.653333333333336,136.06166666666667,福井,57248.0,官,ﾂﾙｶﾞ
a0579,小浜,35.483333333333334,135.78166666666667,福井,57317.0,四,ｵﾊﾞﾏ
a0974,美山,35.998333333333335,136.35833333333332,福井,57071.0,雨,ﾐﾔﾏ
a0974,美山,35.998333333333335,136.35833333333332,京都,61206.0,四,ﾐﾔﾏ
a1010,美浜,35.6,135.91666666666666,福井,57286.0,四,ﾐﾊﾏ
a1071,三国,36.24333333333333,136.17333333333335,福井,57001.0,四,ﾐｸﾆ
a1226,勝山,36.038333333333334,136.52166666666668,福井,57082.0,四,ｶﾂﾔﾏ
a1316,越廼,36.01166666666666,135.99,福井,57051.0,四,ｺｼﾉ
a1382,九頭竜,35.90833333333333,136.66833333333332,福井,57176.0,雨,ｸｽﾞﾘｭｳ
a1454,大飯,35.48,135.61666666666667,福井,57311.0,雨,ｵｵｲ
a1537,春江,36.141666666666666,136.22333333333333,福井,57026.0,官,ﾊﾙｴ
a1565,武生,35.905,136.17333333333335,福井,57106.0,雨,ﾀｹﾌ
a0473,神岡,36.321666666666665,137.30833333333334,岐阜,52051.0,四,ｶﾐｵｶ
s47617,高山,36.155,137.25333333333333,岐阜,52146.0,官,ﾀｶﾔﾏ
a0480,船山,36.035,137.26,岐阜,52192.0,雨,ﾌﾅﾔﾏ
a0483,萩原,35.888333333333335,137.20666666666668,岐阜,52286.0,四,ﾊｷﾞﾜﾗ
a0485,八幡,35.75666666666667,136.97833333333332,岐阜,52331.0,四,ﾊﾁﾏﾝ
a0485,八幡,35.75666666666667,136.97833333333332,広島,67136.0,雨,ﾔﾜﾀ
a0485,八幡,35.75666666666667,136.97833333333332,福岡,82056.0,四,ﾔﾊﾀ
a0486,樽見,35.638333333333335,136.60166666666666,岐阜,52381.0,四,ﾀﾙﾐ
a0487,金山,35.66166666666667,137.16,上川,12686.0,雨,ｶﾅﾔﾏ
a0487,金山,35.66166666666667,137.16,山形,35116.0,四,ｶﾈﾔﾏ
a0487,金山,35.66166666666667,137.16,福島,36342.0,四,ｶﾈﾔﾏ
a0487,金山,35.66166666666667,137.16,岐阜,52406.0,四,ｶﾅﾔﾏ
a0490,伽藍,35.515,137.23,岐阜,52476.0,雨,ｶﾞﾗﾝ
a0491,美濃加茂,35.445,137.005,岐阜,52536.0,四,ﾐﾉｶﾓ
a0493,恵那,35.446666666666665,137.40333333333334,岐阜,52556.0,四,ｴﾅ
a0494,中津川,35.47666666666667,137.48666666666668,山形,35537.0,雨,ﾅｶﾂｶﾞﾜ
a0494,中津川,35.47666666666667,137.48666666666668,岐阜,52557.0,四,ﾅｶﾂｶﾞﾜ
a0495,関ケ原,35.36333333333334,136.46666666666667,岐阜,52571.0,四,ｾｷｶﾞﾊﾗ
a0496,大垣,35.346666666666664,136.62,岐阜,52581.0,四,ｵｵｶﾞｷ
s47632,岐阜,35.4,136.76166666666666,岐阜,52586.0,官,ｷﾞﾌ
a1057,美濃,35.555,136.91,岐阜,52461.0,四,ﾐﾉ
a1058,多治見,35.346666666666664,137.10833333333332,岐阜,52606.0,四,ﾀｼﾞﾐ
a1059,上石津,35.24666666666667,136.45833333333334,岐阜,52642.0,雨,ｶﾐｲｼﾂﾞ
a1061,栃尾,36.248333333333335,137.50333333333333,岐阜,52111.0,四,ﾄﾁｵ
a1061,栃尾,36.248333333333335,137.50333333333333,新潟,54506.0,雨,ﾄﾁｵ
a1066,宮地,35.763333333333335,137.28833333333333,岐阜,52346.0,四,ﾐﾔｼﾞ
a1299,長滝,35.92333333333333,136.83166666666668,岐阜,52221.0,四,ﾅｶﾞﾀｷ
a1301,揖斐川,35.485,136.56666666666666,岐阜,52511.0,四,ｲﾋﾞｶﾞﾜ
a1305,六厩,36.06,137.035,岐阜,52181.0,四,ﾑﾏﾔ
a1306,白川,36.27333333333333,136.89666666666668,岐阜,52081.0,四,ｼﾗｶﾜ
a1308,河合,36.305,137.1,岐阜,52041.0,四,ｶﾜｲ
a1311,宮之前,36.015,137.38833333333332,岐阜,52196.0,四,ﾐﾔﾉﾏｴ
a1313,黒川,35.598333333333336,137.31833333333333,岐阜,52482.0,四,ｸﾛｶﾜ
a1384,付知,35.66166666666667,137.42666666666668,岐阜,52421.0,雨,ﾂｹﾁ
a1387,御母衣,36.14666666666667,136.90833333333333,岐阜,52131.0,雨,ﾐﾎﾞﾛ
a1436,ひるがの,36.01,136.89333333333335,岐阜,52173.0,雨,ﾋﾙｶﾞﾉ
a1437,清見,36.18,137.045,岐阜,52137.0,雨,ｷﾖﾐ
a1438,丹生川,36.18666666666667,137.37166666666667,岐阜,52152.0,雨,ﾆｭｳｶﾜ
a1577,関市板取,35.723333333333336,136.78333333333333,岐阜,52321.0,雨,ｾｷｼｲﾀﾄﾞﾘ
a0393,野沢温泉,36.91166666666667,138.44166666666666,長野,48031.0,四,ﾉｻﾞﾜｵﾝｾﾝ
a0394,信濃町,36.80833333333333,138.19666666666666,長野,48061.0,四,ｼﾅﾉﾏﾁ
a0395,飯山,36.875,138.375,長野,48066.0,四,ｲｲﾔﾏ
a0396,白馬,36.69833333333333,137.86166666666668,長野,48141.0,四,ﾊｸﾊﾞ
s47610,長野,36.66166666666667,138.19166666666666,長野,48156.0,官,ﾅｶﾞﾉ
a0398,笠岳,36.665,138.45833333333334,長野,48172.0,雨,ｶｻﾀﾞｹ
a0399,大町,36.52333333333333,137.83166666666668,長野,48191.0,四,ｵｵﾏﾁ
a0400,信州新町,36.54833333333333,137.99666666666667,長野,48196.0,四,ｼﾝｼｭｳｼﾝﾏﾁ
a0402,上田,36.4,138.265,長野,48256.0,四,ｳｴﾀﾞ
a0404,穂高,36.343333333333334,137.88166666666666,長野,48296.0,四,ﾎﾀｶ
s47622,軽井沢,36.34166666666667,138.54666666666665,長野,48331.0,官,ｶﾙｲｻﾞﾜ
s47622,軽井沢,36.34166666666667,138.54666666666665,長野,48331.0,官,ｶﾙｲｻﾞﾜ
s47618,松本,36.24666666666667,137.97,長野,48361.0,官,ﾏﾂﾓﾄ
a0407,鹿教湯,36.30166666666667,138.13666666666666,長野,48371.0,雨,ｶｹﾕ
a0408,佐久,36.24666666666667,138.47666666666666,長野,48386.0,四,ｻｸ
s47620,諏訪,36.045,138.10833333333332,長野,48491.0,官,ｽﾜ
s47620,諏訪,36.045,138.10833333333332,長野,48491.0,官,ｽﾜ
a0414,原村,35.97,138.22,長野,48561.0,四,ﾊﾗﾑﾗ
a0415,野辺山,35.94833333333333,138.47166666666666,長野,48571.0,四,ﾉﾍﾞﾔﾏ
a0416,御嶽山,35.87166666666667,137.50333333333333,長野,48601.0,雨,ｵﾝﾀｹｻﾝ
a0417,木曽福島,35.84,137.68833333333333,長野,48606.0,四,ｷｿﾌｸｼﾏ
a0420,宮田高原,35.77333333333333,137.885,長野,48681.0,雨,ﾐﾔﾀﾞｺｳｹﾞﾝ
a0422,須原,35.69833333333333,137.69166666666666,長野,48716.0,雨,ｽﾊﾗ
a0424,飯島,35.653333333333336,137.89833333333334,長野,48731.0,四,ｲｲｼﾞﾏ
s47637,飯田,35.52333333333333,137.82166666666666,長野,48767.0,官,ｲｲﾀﾞ
a0992,菅平,36.531666666666666,138.325,長野,48216.0,四,ｽｶﾞﾀﾞｲﾗ
a0993,東御,36.38333333333333,138.38333333333333,長野,48321.0,四,ﾄｳﾐ
a0994,上高地,36.248333333333335,137.63333333333333,長野,48346.0,雨,ｶﾐｺｳﾁ
a1022,南木曽,35.61,137.62,長野,48717.0,四,ﾅｷﾞｿ
a1162,鬼無里,36.68833333333333,137.965,長野,48146.0,雨,ｷﾅｻ
a1300,立科,36.27166666666667,138.31333333333333,長野,48381.0,四,ﾀﾃｼﾅ
a1312,奈川,36.08833333333333,137.68333333333334,長野,48466.0,四,ﾅｶﾞﾜ
a1314,開田高原,35.93833333333333,137.60166666666666,長野,48531.0,四,ｶｲﾀﾞｺｳｹﾞﾝ
a1317,浪合,35.373333333333335,137.69166666666666,長野,48826.0,四,ﾅﾐｱｲ
a1319,辰野,35.983333333333334,137.98333333333332,長野,48546.0,四,ﾀﾂﾉ
a1323,南信濃,35.321666666666665,137.93166666666667,長野,48841.0,四,ﾐﾅﾐｼﾅﾉ
a1339,阿南,35.31333333333333,137.81166666666667,長野,48836.0,雨,ｱﾅﾝ
a1360,聖高原,36.486666666666665,138.06833333333333,長野,48247.0,雨,ﾋｼﾞﾘｺｳｹﾞﾝ
a1394,大鹿,35.556666666666665,138.04,長野,48737.0,雨,ｵｵｼｶ
a1397,杉島,35.72666666666667,138.09333333333333,長野,48691.0,雨,ｽｷﾞｼﾏ
a1411,小谷,36.821666666666665,137.93,長野,48097.0,雨,ｵﾀﾘ
a1445,伊那,35.825,137.955,長野,48621.0,四,ｲﾅ
a1529,松本今井,36.166666666666664,137.92166666666665,長野,48363.0,官,ﾏﾂﾓﾄｲﾏｲ
a1549,北相木,36.071666666666665,138.61166666666668,長野,48516.0,雨,ｷﾀｱｲｷ
a1550,白樺湖,36.105,138.22833333333332,長野,48436.0,雨,ｼﾗｶﾊﾞｺ
a1551,高遠,35.95333333333333,138.10833333333332,長野,48556.0,雨,ﾀｶﾄｵ
a1666,木祖薮原,35.93666666666667,137.78666666666666,長野,48536.0,四,ｷｿﾔﾌﾞﾊﾗ
a0343,草津,36.61666666666667,138.59166666666667,群馬,42121.0,四,ｸｻﾂ
a0346,沼田,36.66833333333334,139.02166666666668,群馬,42146.0,四,ﾇﾏﾀ
a0348,田代,36.46333333333333,138.46333333333334,群馬,42221.0,四,ﾀｼﾛ
a0348,田代,36.46333333333333,138.46333333333334,鹿児島,88536.0,四,ﾀｼﾛ
a0349,榛名山,36.471666666666664,138.87333333333333,群馬,42241.0,雨,ﾊﾙﾅｻﾝ
s47624,前橋,36.405,139.06,群馬,42251.0,官,ﾏｴﾊﾞｼ
s47624,前橋,36.405,139.06,群馬,42251.0,官,ﾏｴﾊﾞｼ
a0351,桐生,36.41,139.325,群馬,42266.0,四,ｷﾘｭｳ
a0353,上里見,36.376666666666665,138.895,群馬,42286.0,四,ｶﾐｻﾄﾐ
a0354,西野牧,36.245,138.70666666666668,群馬,42326.0,四,ﾆｼﾉﾏｷ
a0355,藤岡,36.24166666666667,139.07,群馬,42341.0,雨,ﾌｼﾞｵｶ
a0356,館林,36.24,139.51333333333332,群馬,42366.0,四,ﾀﾃﾊﾞﾔｼ
a1019,みなかみ,36.77333333333333,138.965,群馬,42091.0,四,ﾐﾅｶﾐ
a1020,中之条,36.586666666666666,138.85,群馬,42186.0,四,ﾅｶﾉｼﾞｮｳ
a1021,伊勢崎,36.33166666666666,139.165,群馬,42302.0,四,ｲｾｻｷ
a1174,片品,36.77166666666667,139.23833333333334,群馬,42106.0,雨,ｶﾀｼﾅ
a1222,藤原,36.86333333333333,139.05833333333334,秋田,32096.0,雨,ﾌｼﾞﾜﾗ
a1222,藤原,36.86333333333333,139.05833333333334,群馬,42046.0,四,ﾌｼﾞﾜﾗ
a1223,神流,36.108333333333334,138.89666666666668,群馬,42396.0,四,ｶﾝﾅ
a1259,黒保根,36.501666666666665,139.28333333333333,群馬,42261.0,雨,ｸﾛﾎﾈ
a0326,那須高原,37.123333333333335,140.035,栃木,41011.0,四,ﾅｽｺｳｹﾞﾝ
a0329,黒磯,36.98166666666667,140.01833333333335,栃木,41091.0,四,ｸﾛｲｿ
a0331,大田原,36.84,140.035,栃木,41141.0,四,ｵｵﾀﾜﾗ
s47690,奥日光（日光）,36.73833333333333,139.5,,,,
a0334,高根沢,36.60666666666667,139.99833333333333,栃木,41241.0,雨,ﾀｶﾈｻﾞﾜ
a0335,鹿沼,36.59166666666667,139.735,栃木,41271.0,四,ｶﾇﾏ
s47615,宇都宮,36.54833333333333,139.86833333333334,栃木,41277.0,官,ｳﾂﾉﾐﾔ
a0337,葛生,36.431666666666665,139.59,栃木,41311.0,雨,ｸｽﾞｳ
a0338,真岡,36.47666666666667,139.98666666666668,栃木,41331.0,四,ﾓｵｶ
a0339,足利,36.34166666666667,139.46166666666667,栃木,41356.0,雨,ｱｼｶｶﾞ
a0340,栃木,36.373333333333335,139.70333333333335,栃木,41371.0,雨,ﾄﾁｷﾞ
a0341,小山,36.33833333333333,139.83,栃木,41376.0,四,ｵﾔﾏ
a1015,五十里,36.92166666666667,139.695,栃木,41076.0,四,ｲｶﾘ
a1016,足尾,36.64666666666667,139.44833333333332,栃木,41211.0,雨,ｱｼｵ
a1018,佐野,36.36333333333334,139.57,栃木,41361.0,四,ｻﾉ
a1221,土呂部,36.891666666666666,139.56833333333333,栃木,41116.0,四,ﾄﾞﾛﾌﾞ
a1334,塩谷,36.75666666666667,139.88333333333333,栃木,41181.0,四,ｼｵﾔ
a1605,那須烏山,36.641666666666666,140.11666666666667,栃木,41247.0,四,ﾅｽｶﾗｽﾔﾏ
a1675,日光東町,36.75,139.615,栃木,41172.0,四,ﾆｯｺｳﾋｶﾞｼﾏﾁ
a0314,花園,36.86833333333333,140.63666666666666,茨城,40041.0,雨,ﾊﾅｿﾞﾉ
a0315,北茨城,36.833333333333336,140.77166666666668,茨城,40046.0,四,ｷﾀｲﾊﾞﾗｷ
a0316,大子,36.778333333333336,140.345,茨城,40061.0,四,ﾀﾞｲｺﾞ
a0318,笠間,36.395,140.24,茨城,40191.0,四,ｶｻﾏ
s47629,水戸,36.38,140.46666666666667,茨城,40201.0,官,ﾐﾄ
a0320,古河,36.20166666666667,139.71666666666667,茨城,40221.0,四,ｺｶﾞ
a0322,下妻,36.16833333333334,139.945,茨城,40281.0,四,ｼﾓﾂﾏ
a0323,坂東,36.035,139.89333333333335,茨城,40326.0,雨,ﾊﾞﾝﾄﾞｳ
a0324,土浦,36.10333333333333,140.22,茨城,40341.0,四,ﾂﾁｳﾗ
a0325,鹿嶋,35.96333333333333,140.62166666666667,茨城,40406.0,四,ｶｼﾏ
a0911,江戸崎,35.96,140.32,茨城,40391.0,雨,ｴﾄﾞｻｷ
a1011,日立,36.58,140.645,茨城,40136.0,四,ﾋﾀﾁ
a1012,柿岡,36.233333333333334,140.18833333333333,茨城,40241.0,雨,ｶｷｵｶ
a1013,美野里,36.236666666666665,140.325,茨城,40251.0,雨,ﾐﾉﾘ
a1014,龍ケ崎,35.89,140.21166666666667,茨城,40426.0,四,ﾘｭｳｶﾞｻｷ
a1170,中野,36.515,140.47333333333333,茨城,40126.0,雨,ﾅｶﾉ
a1173,徳田,36.778333333333336,140.48166666666665,茨城,40066.0,雨,ﾄｸﾀﾞ
a1245,鉾田,36.16833333333334,140.52666666666667,茨城,40311.0,四,ﾎｺﾀ
a1331,常陸大宮,36.60666666666667,140.325,茨城,40091.0,四,ﾋﾀﾁｵｵﾐﾔ
a1388,門井,36.333333333333336,140.03333333333333,茨城,40181.0,雨,ｶﾄﾞｲ
a1421,大能,36.74333333333333,140.59333333333333,茨城,40076.0,雨,ｵｵﾉｳ
s47646,つくば（館野）,36.056666666666665,140.125,,,,
a1530,下館,36.281666666666666,139.98833333333334,茨城,40231.0,四,ｼﾓﾀﾞﾃ
a0671,道後山,35.056666666666665,133.18833333333333,広島,67026.0,雨,ﾄﾞｳｺﾞﾔﾏ
a0674,三次,34.81166666666667,132.85,広島,67106.0,四,ﾐﾖｼ
a0675,庄原,34.86,133.02333333333334,広島,67116.0,四,ｼｮｳﾊﾞﾗ
a0676,大朝,34.76833333333333,132.46333333333334,広島,67151.0,四,ｵｵｱｻ
a0677,加計,34.61,132.32,広島,67212.0,四,ｶｹ
a0679,上下,34.693333333333335,133.11666666666667,広島,67251.0,雨,ｼﾞｮｳｹﾞ
a0680,内黒山,34.596666666666664,132.17666666666668,広島,67271.0,雨,ｳﾁｸﾞﾛﾔﾏ
a0681,世羅,34.583333333333336,133.05,広島,67316.0,四,ｾﾗ
a0683,東広島,34.416666666666664,132.7,広島,67376.0,四,ﾋｶﾞｼﾋﾛｼﾏ
s47767,福山,34.446666666666665,133.24666666666667,広島,67401.0,官,ﾌｸﾔﾏ
s47765,広島,34.39833333333333,132.46166666666667,広島,67437.0,官,ﾋﾛｼﾏ
s47765,広島,34.39833333333333,132.46166666666667,広島,67437.0,官,ﾋﾛｼﾏ
a0686,竹原,34.33,132.98166666666665,広島,67461.0,四,ﾀｹﾊﾗ
a0687,生口島,34.278333333333336,133.12333333333333,広島,67471.0,四,ｲｸﾁｼﾞﾏ
a0688,大竹,34.221666666666664,132.22,広島,67496.0,四,ｵｵﾀｹ
s47766,呉,34.24,132.55,広島,67511.0,官,ｸﾚ
a0690,倉橋,34.09166666666667,132.48833333333334,広島,67566.0,雨,ｸﾗﾊｼ
a0947,高野,35.03333333333333,132.90166666666667,広島,67016.0,四,ﾀｶﾉ
a0948,東城,34.895,133.27666666666667,広島,67126.0,雨,ﾄｳｼﾞｮｳ
a0949,甲田,34.695,132.76,広島,67231.0,雨,ｺｳﾀﾞ
a0950,三入,34.545,132.53,広島,67292.0,四,ﾐｲﾘ
a0951,府中,34.56166666666667,133.23166666666665,東京,44116.0,四,ﾌﾁｭｳ
a0951,府中,34.56166666666667,133.23166666666665,広島,67326.0,四,ﾌﾁｭｳ
a1163,志和,34.498333333333335,132.66,広島,67371.0,雨,ｼﾜ
a1257,王泊,34.69833333333333,132.31166666666667,広島,67211.0,雨,ｵｵﾄﾞﾏﾘ
a1262,八幡,34.708333333333336,132.17333333333335,岐阜,52331.0,四,ﾊﾁﾏﾝ
a1262,八幡,34.708333333333336,132.17333333333335,広島,67136.0,雨,ﾔﾜﾀ
a1262,八幡,34.708333333333336,132.17333333333335,福岡,82056.0,四,ﾔﾊﾀ
a1325,油木,34.763333333333335,133.27833333333334,広島,67191.0,四,ﾕｷ
a1326,廿日市津田,34.365,132.19,広島,67421.0,四,ﾊﾂｶｲﾁﾂﾀ
a1472,本郷,34.435,132.91833333333332,広島,67386.0,官,ﾎﾝｺﾞｳ
a1575,佐伯湯来,34.498333333333335,132.29,広島,67351.0,雨,ｻｴｷﾕｷ
a1579,都志見,34.64666666666667,132.44333333333333,広島,67217.0,雨,ﾂｼﾐ
a1582,君田,34.928333333333335,132.83,広島,67052.0,雨,ｷﾐﾀ
a1583,美土里,34.721666666666664,132.655,広島,67161.0,雨,ﾐﾄﾞﾘ
a1603,安宿,34.56666666666667,132.83833333333334,広島,67306.0,雨,ｱｽｶ
a1606,呉市蒲刈,34.165,132.74833333333333,広島,67576.0,四,ｸﾚｼｶﾏｶﾞﾘ
a0655,今岡,35.098333333333336,134.325,岡山,66136.0,四,ｲﾏｵｶ
a0656,久世,35.068333333333335,133.75333333333333,岡山,66171.0,四,ｸｾ
s47756,津山,35.06333333333333,134.00833333333333,岡山,66186.0,官,ﾂﾔﾏ
a0658,新見,34.943333333333335,133.51833333333335,岡山,66221.0,四,ﾆｲﾐ
a0660,赤磐,34.91833333333334,134.08166666666668,岡山,66251.0,雨,ｱｶｲﾜ
a0661,陣山,34.82833333333333,133.52333333333334,岡山,66276.0,雨,ｼﾞﾝﾔﾏ
a0663,福渡,34.86666666666667,133.90333333333334,岡山,66296.0,四,ﾌｸﾜﾀﾘ
a0664,和気,34.815,134.18333333333334,岡山,66306.0,四,ﾜｹ
a0665,佐屋,34.685,133.445,岡山,66381.0,雨,ｻﾔ
a0666,矢掛,34.61666666666667,133.61833333333334,岡山,66391.0,雨,ﾔｶｹﾞ
s47768,岡山,34.685,133.925,岡山,66408.0,官,ｵｶﾔﾏ
s47768,岡山,34.685,133.925,岡山,66408.0,官,ｵｶﾔﾏ
a0668,虫明,34.681666666666665,134.20666666666668,岡山,66421.0,四,ﾑｼｱｹﾞ
a0669,倉敷,34.59,133.76833333333335,岡山,66446.0,四,ｸﾗｼｷ
a0670,玉野,34.486666666666665,133.95,岡山,66501.0,四,ﾀﾏﾉ
a0919,笠岡,34.501666666666665,133.495,岡山,66481.0,四,ｶｻｵｶ
a0929,下呰部,34.965,133.62833333333333,岡山,66226.0,雨,ｼﾓｱｻﾞｴ
a0930,高梁,34.791666666666664,133.61,岡山,66336.0,四,ﾀｶﾊｼ
a1140,奈義,35.111666666666665,134.17,岡山,66127.0,四,ﾅｷﾞ
a1328,上長田,35.29666666666667,133.725,岡山,66046.0,四,ｶﾐﾅｶﾞﾀ
a1330,千屋,35.10333333333333,133.435,岡山,66091.0,四,ﾁﾔ
a1371,恩原,35.3,133.98666666666668,岡山,66056.0,雨,ｵﾝﾊﾞﾗ
a1531,日応寺,34.75666666666667,133.855,岡山,66346.0,官,ﾆﾁｵｳｼﾞ
a1584,富,35.178333333333335,133.805,岡山,66112.0,雨,ﾄﾐ
a1585,吉備中央,34.81666666666667,133.705,岡山,66287.0,雨,ｷﾋﾞﾁｭｳｵｳ
a1618,旭西,34.961666666666666,133.81166666666667,岡山,66237.0,雨,ｱｻﾋﾆｼ
a0580,今津,35.41166666666667,136.02833333333334,滋賀,60051.0,四,ｲﾏﾂﾞ
s47761,彦根,35.275,136.24333333333334,滋賀,60131.0,官,ﾋｺﾈ
a0584,近江八幡,35.126666666666665,136.09166666666667,滋賀,60161.0,雨,ｵｳﾐﾊﾁﾏﾝ
a0586,大津,34.99166666666667,135.91166666666666,十勝,20631.0,四,ｵｵﾂ
a0586,大津,34.99166666666667,135.91166666666666,滋賀,60216.0,四,ｵｵﾂ
a0587,土山,34.93833333333333,136.27833333333334,滋賀,60236.0,四,ﾂﾁﾔﾏ
a0963,東近江,35.06166666666667,136.19,滋賀,60196.0,四,ﾋｶﾞｼｵｳﾐ
a0964,信楽,34.913333333333334,136.08,滋賀,60226.0,四,ｼｶﾞﾗｷ
a0976,長浜,35.42333333333333,136.24166666666667,滋賀,60061.0,四,ﾅｶﾞﾊﾏ
a0976,長浜,35.42333333333333,136.24166666666667,愛媛,73256.0,四,ﾅｶﾞﾊﾏ
a1083,南小松,35.235,135.95666666666668,滋賀,60116.0,四,ﾐﾅﾐｺﾏﾂ
a1087,柳ケ瀬,35.58166666666666,136.18833333333333,滋賀,60026.0,雨,ﾔﾅｶﾞｾ
a1524,米原,35.38333333333333,136.34333333333333,滋賀,60102.0,四,ﾏｲﾊﾞﾗ
a1578,朽木平良,35.30833333333333,135.83,滋賀,60081.0,雨,ｸﾂｷﾍﾗ
s47638,甲府,35.666666666666664,138.55333333333334,山梨,49142.0,官,ｺｳﾌ
a0433,勝沼,35.663333333333334,138.725,山梨,49151.0,四,ｶﾂﾇﾏ
a0434,大月,35.608333333333334,138.93833333333333,山梨,49161.0,四,ｵｵﾂｷ
a0436,古関,35.528333333333336,138.615,山梨,49196.0,四,ﾌﾙｾｷ
s47640,河口湖,35.5,138.76,山梨,49251.0,官,ｶﾜｸﾞﾁｺ
a0438,山中,35.43666666666667,138.83666666666667,山梨,49256.0,四,ﾔﾏﾅｶ
a0439,南部,35.288333333333334,138.445,山梨,49316.0,四,ﾅﾝﾌﾞ
a1023,大泉,35.861666666666665,138.38666666666666,山梨,49036.0,四,ｵｵｲｽﾞﾐ
a1024,韮崎,35.693333333333335,138.44833333333332,山梨,49086.0,四,ﾆﾗｻｷ
a1165,上野原,35.62,139.105,山梨,49172.0,雨,ｳｴﾉﾊﾗ
a1234,切石,35.46666666666667,138.44166666666666,山梨,49236.0,四,ｷﾘｲｼ
s47639,富士山,35.36,138.72666666666666,静岡,50066.0,官,ﾌｼﾞｻﾝ
a1599,乙女湖,35.806666666666665,138.655,山梨,49052.0,雨,ｵﾄﾒｺ
a1640,富士川,35.56166666666667,138.44833333333332,山梨,49187.0,雨,ﾌｼﾞｶﾜ
s47626,熊谷,36.15,139.38,埼玉,43056.0,官,ｸﾏｶﾞﾔ
a0359,久喜,36.086666666666666,139.635,埼玉,43126.0,四,ｸｷ
s47641,秩父,35.99,139.07333333333332,埼玉,43156.0,官,ﾁﾁﾌﾞ
a0362,飯能,35.83833333333333,139.32166666666666,埼玉,43231.0,雨,ﾊﾝﾉｳ
a0363,さいたま,35.875,139.58666666666667,埼玉,43241.0,四,ｻｲﾀﾏ
a0364,越谷,35.88333333333333,139.75666666666666,埼玉,43256.0,四,ｺｼｶﾞﾔ
a1000,三峰,35.92666666666667,138.92333333333335,埼玉,43151.0,雨,ﾐﾂﾐﾈ
a1009,寄居,36.105,139.18333333333334,埼玉,43051.0,四,ﾖﾘｲ
a1069,鴻巣,36.065,139.52166666666668,埼玉,43121.0,雨,ｺｳﾉｽ
a1070,所沢,35.77333333333333,139.41333333333333,埼玉,43266.0,四,ﾄｺﾛｻﾞﾜ
a1159,浦山,35.92,139.07,埼玉,43157.0,雨,ｳﾗﾔﾏ
a1182,上吉田,36.053333333333335,138.98,埼玉,43091.0,雨,ｶﾐﾖｼﾀﾞ
a1232,鳩山,35.985,139.335,埼玉,43171.0,四,ﾊﾄﾔﾏ
a1497,ときがわ,35.99,139.20666666666668,埼玉,43162.0,雨,ﾄｷｶﾞﾜ
s47800,厳原,34.196666666666665,129.29166666666666,長崎,84072.0,官,ｲﾂﾞﾊﾗ
s47805,平戸,33.36,129.55,長崎,84171.0,官,ﾋﾗﾄﾞ
a0814,松浦,33.34166666666667,129.71166666666667,長崎,84183.0,四,ﾏﾂｳﾗ
s47812,佐世保,33.15833333333333,129.72666666666666,長崎,84266.0,官,ｻｾﾎﾞ
a0818,長浦岳,32.90833333333333,129.73833333333334,長崎,84361.0,雨,ﾅｶﾞｳﾗﾀﾞｹ
a0820,諫早,32.843333333333334,130.025,長崎,84441.0,雨,ｲｻﾊﾔ
s47817,長崎,32.733333333333334,129.86666666666667,長崎,84496.0,官,ﾅｶﾞｻｷ
s47818,雲仙岳,32.736666666666665,130.26166666666666,長崎,84519.0,官,ｳﾝｾﾞﾝﾀﾞｹ
s47818,雲仙岳,32.736666666666665,130.26166666666666,長崎,84519.0,官,ｳﾝｾﾞﾝﾀﾞｹ
s47843,福江,32.693333333333335,128.82666666666665,長崎,84536.0,官,ﾌｸｴ
a0922,口之津,32.611666666666665,130.19333333333333,長崎,84561.0,四,ｸﾁﾉﾂ
a0962,島原,32.76,130.36166666666668,長崎,84523.0,四,ｼﾏﾊﾞﾗ
a1084,大村,32.916666666666664,129.91333333333333,長崎,84371.0,官,ｵｵﾑﾗ
a1138,有川,32.98166666666667,129.11833333333334,長崎,84341.0,四,ｱﾘｶﾜ
a1144,芦辺,33.8,129.72166666666666,長崎,84121.0,四,ｱｼﾍﾞ
a1453,鰐浦,34.69833333333333,129.445,長崎,84012.0,四,ﾜﾆｳﾗ
a1478,石田,33.748333333333335,129.785,長崎,84122.0,官,ｲｼﾀﾞ
a1479,上大津,32.665,128.83166666666668,長崎,84537.0,官,ｶﾐｵｵﾂﾞ
a1538,美津島,34.285,129.33,長崎,84076.0,官,ﾐﾂｼﾏ
a1670,脇岬,32.58166666666666,129.77666666666667,長崎,84597.0,四,ﾜｷﾐｻｷ
a1672,西海,33.013333333333335,129.65166666666667,長崎,84306.0,四,ｻｲｶｲ
s47813,佐賀,33.265,130.305,高知,74436.0,四,ｻｶﾞ
s47813,佐賀,33.265,130.305,佐賀,85142.0,官,ｻｶﾞ
a0829,白石,33.18333333333333,130.14833333333334,宮城,34461.0,四,ｼﾛｲｼ
a0829,白石,33.18333333333333,130.14833333333334,佐賀,85166.0,四,ｼﾛｲｼ
a0830,嬉野,33.11666666666667,129.995,佐賀,85161.0,四,ｳﾚｼﾉ
a1075,伊万里,33.266666666666666,129.87833333333333,佐賀,85116.0,四,ｲﾏﾘ
a1480,川副,33.14833333333333,130.30166666666668,佐賀,85176.0,官,ｶﾜｿｴ
a1610,唐津,33.458333333333336,129.955,佐賀,85033.0,四,ｶﾗﾂ
a1612,鳥栖,33.385,130.51666666666668,佐賀,85106.0,雨,ﾄｽ
a1616,北山,33.413333333333334,130.22,佐賀,85046.0,雨,ﾎｸｻﾞﾝ
a0780,八幡,33.85166666666667,130.74333333333334,岐阜,52331.0,四,ﾊﾁﾏﾝ
a0780,八幡,33.85166666666667,130.74333333333334,広島,67136.0,雨,ﾔﾜﾀ
a0780,八幡,33.85166666666667,130.74333333333334,福岡,82056.0,四,ﾔﾊﾀ
a0782,行橋,33.71333333333333,130.975,福岡,82101.0,四,ﾕｸﾊｼ
s47809,飯塚,33.651666666666664,130.69333333333333,福岡,82136.0,官,ｲｲﾂﾞｶ
a0785,前原,33.56,130.19,福岡,82171.0,四,ﾏｴﾊﾞﾙ
s47807,福岡,33.58166666666666,130.375,福岡,82182.0,官,ﾌｸｵｶ
s47807,福岡,33.58166666666666,130.375,福岡,82182.0,官,ﾌｸｵｶ
a0788,朝倉,33.406666666666666,130.695,福岡,82261.0,四,ｱｻｸﾗ
a0789,英彦山,33.48833333333334,130.92333333333335,福岡,82272.0,雨,ﾋｺｻﾝ
a0790,久留米,33.303333333333335,130.49333333333334,福岡,82306.0,四,ｸﾙﾒ
a0791,耳納山,33.291666666666664,130.625,福岡,82316.0,雨,ﾐﾉｳｻﾝ
a0792,黒木,33.225,130.645,福岡,82317.0,四,ｸﾛｷﾞ
a0793,大牟田,33.00666666666667,130.46666666666667,福岡,82361.0,四,ｵｵﾑﾀ
a0943,宗像,33.80833333333333,130.53833333333333,福岡,82046.0,四,ﾑﾅｶﾀ
a0945,柳川,33.16,130.40333333333334,福岡,82331.0,雨,ﾔﾅｶﾞﾜ
a1046,添田,33.55833333333333,130.855,福岡,82206.0,四,ｿｴﾀﾞ
a1141,太宰府,33.49666666666667,130.49,福岡,82191.0,四,ﾀﾞｻﾞｲﾌ
a1477,博多,33.583333333333336,130.45166666666665,福岡,82186.0,官,ﾊｶﾀ
a1590,空港北町,33.845,131.035,福岡,82068.0,官,ｸｳｺｳｷﾀﾏﾁ
a1611,早良脇山,33.48833333333334,130.35333333333332,福岡,82241.0,雨,ｻﾜﾗﾜｷﾔﾏ
a1637,東谷,33.778333333333336,130.865,福岡,82097.0,雨,ﾋｶﾞｼﾀﾆ
a1657,小呂島,33.86333333333333,130.035,福岡,82036.0,雨,ｵﾛﾉｼﾏ
a0600,能勢,34.94833333333333,135.455,大阪,62016.0,四,ﾉｾ
a0602,豊中,34.78333333333333,135.43833333333333,大阪,62051.0,官,ﾄﾖﾅｶ
s47772,大阪,34.681666666666665,135.51833333333335,大阪,62078.0,官,ｵｵｻｶ
s47772,大阪,34.681666666666665,135.51833333333335,大阪,62078.0,官,ｵｵｻｶ
a0604,生駒山,34.675,135.67666666666668,大阪,62081.0,四,ｲｺﾏﾔﾏ
a0605,河内長野,34.42333333333333,135.54333333333332,大阪,62111.0,雨,ｶﾜﾁﾅｶﾞﾉ
a0606,熊取,34.385,135.35,大阪,62131.0,四,ｸﾏﾄﾘ
a1062,堺,34.555,135.485,大阪,62091.0,四,ｻｶｲ
a1065,枚方,34.80833333333333,135.67166666666665,大阪,62046.0,四,ﾋﾗｶﾀ
a1470,八尾,34.596666666666664,135.6,富山,55206.0,四,ﾔﾂｵ
a1470,八尾,34.596666666666664,135.6,大阪,62096.0,官,ﾔｵ
a1471,関空島,34.43333333333333,135.23166666666665,大阪,62101.0,官,ｶﾝｸｳｼﾞﾏ
a1602,茨木,34.86,135.56,大阪,62037.0,雨,ｲﾊﾞﾗｷ
s47780,奈良,34.67333333333333,135.83666666666667,奈良,64036.0,官,ﾅﾗ
s47780,奈良,34.67333333333333,135.83666666666667,奈良,64036.0,官,ﾅﾗ
a0630,針,34.605,135.95166666666665,奈良,64041.0,四,ﾊﾘ
a0631,田原本,34.555,135.785,奈良,64056.0,雨,ﾀﾜﾗﾓﾄ
a0632,曽爾,34.52166666666667,136.15833333333333,奈良,64076.0,雨,ｿﾆ
a0633,大宇陀,34.48833333333334,135.93166666666667,奈良,64101.0,四,ｵｵｳﾀﾞ
a0635,五條,34.38,135.73,奈良,64127.0,四,ｺﾞｼﾞｮｳ
a0957,上北山,34.13666666666666,136.005,奈良,64206.0,四,ｶﾐｷﾀﾔﾏ
a1228,風屋,34.045,135.78666666666666,奈良,64227.0,四,ｶｾﾞﾔ
a1376,葛城,34.48833333333334,135.70333333333335,奈良,64091.0,雨,ｶﾂﾗｷﾞ
a1439,吉野,34.37833333333333,135.9,奈良,64136.0,雨,ﾖｼﾉ
a1619,天川,34.27,135.88333333333333,奈良,64161.0,雨,ﾃﾝｶﾜ
a1649,下北山,34.00333333333333,135.96666666666667,奈良,64236.0,雨,ｼﾓｷﾀﾔﾏ
a1669,葛川,33.95333333333333,135.85666666666665,奈良,64262.0,雨,ｸｽﾞｶﾜ
a0499,北勢,35.14333333333333,136.53833333333333,三重,53016.0,雨,ﾎｸｾｲ
a0500,桑名,35.05,136.69333333333333,三重,53041.0,四,ｸﾜﾅ
s47684,四日市,34.94,136.58,三重,53061.0,官,ﾖｯｶｲﾁ
a0503,亀山,34.87,136.45333333333335,三重,53091.0,四,ｶﾒﾔﾏ
s47649,上野,34.76166666666667,136.14166666666668,三重,53112.0,官,ｳｴﾉ
a0505,笠取山,34.725,136.30833333333334,三重,53121.0,雨,ｶｻﾄﾘﾔﾏ
s47651,津,34.733333333333334,136.51833333333335,三重,53133.0,官,ﾂ
s47651,津,34.733333333333334,136.51833333333335,三重,53133.0,官,ﾂ
a0507,名張,34.626666666666665,136.10833333333332,三重,53141.0,雨,ﾅﾊﾞﾘ
a0509,小俣,34.528333333333336,136.665,三重,53196.0,四,ｵﾊﾞﾀ
a0510,粥見,34.44833333333333,136.39,三重,53231.0,四,ｶﾕﾐ
a0511,藤坂峠,34.32333333333333,136.48833333333334,三重,53287.0,雨,ﾌｼﾞｻｶﾄｳｹﾞ
s47663,尾鷲,34.068333333333335,136.19333333333333,三重,53378.0,官,ｵﾜｾ
a1230,鳥羽,34.48166666666667,136.825,三重,53257.0,四,ﾄﾊﾞ
a1255,宮川,34.278333333333336,136.20833333333334,三重,53321.0,雨,ﾐﾔｶﾞﾜ
a1258,南伊勢,34.345,136.68166666666667,三重,53296.0,四,ﾐﾅﾐｲｾ
a1349,紀伊長島,34.208333333333336,136.32666666666665,三重,53326.0,四,ｷｲﾅｶﾞｼﾏ
a1356,白山,34.625,136.32166666666666,三重,53151.0,雨,ﾊｸｻﾝ
a1381,阿児,34.30833333333333,136.87333333333333,三重,53307.0,雨,ｱｺﾞ
a1423,御浜,33.85166666666667,135.98,三重,53416.0,雨,ﾐﾊﾏ
a1532,熊野新鹿,33.931666666666665,136.13833333333332,三重,53401.0,四,ｸﾏﾉｱﾀｼｶ
a0460,一宮,35.29833333333333,136.85333333333332,愛知,51011.0,雨,ｲﾁﾉﾐﾔ
a0460,一宮,35.29833333333333,136.85333333333332,兵庫,63251.0,四,ｲﾁﾉﾐﾔ
a0462,茶臼山,35.22,137.66,愛知,51077.0,雨,ﾁｬｳｽﾔﾏ
s47636,名古屋,35.166666666666664,136.965,愛知,51106.0,官,ﾅｺﾞﾔ
a0464,豊田,35.13166666666667,137.17666666666668,愛知,51116.0,四,ﾄﾖﾀ
a0464,豊田,35.13166666666667,137.17666666666668,山口,81266.0,四,ﾄﾖﾀ
a0467,岡崎,34.91833333333334,137.19333333333333,愛知,51226.0,四,ｵｶｻﾞｷ
a0468,作手,34.97666666666667,137.425,愛知,51241.0,雨,ﾂｸﾃﾞ
a0469,一色,34.81166666666667,137.02833333333334,愛知,51271.0,雨,ｲｯｼｷ
a0470,豊橋,34.75,137.34166666666667,愛知,51331.0,四,ﾄﾖﾊｼ
s47653,伊良湖,34.62833333333333,137.09333333333333,愛知,51346.0,官,ｲﾗｺ
a0472,田原,34.626666666666665,137.22166666666666,愛知,51356.0,雨,ﾀﾊﾗ
a0982,稲武,35.211666666666666,137.50666666666666,愛知,51071.0,四,ｲﾅﾌﾞ
a0983,蟹江,35.13666666666666,136.79166666666666,愛知,51096.0,雨,ｶﾆｴ
a0984,南知多,34.74,136.93833333333333,愛知,51311.0,四,ﾐﾅﾐﾁﾀ
a1166,小原,35.22833333333333,137.285,愛知,51056.0,雨,ｵﾊﾞﾗ
a1344,蒲郡,34.845,137.21666666666667,愛知,51281.0,四,ｶﾞﾏｺﾞｵﾘ
a1346,愛西,35.21666666666667,136.69833333333332,愛知,51031.0,四,ｱｲｻｲ
a1541,新城,34.906666666666666,137.51833333333335,空知,15216.0,雨,ｼﾝｼﾞｮｳ
a1541,新城,34.906666666666666,137.51833333333335,愛知,51247.0,四,ｼﾝｼﾛ
a1555,セントレア,34.858333333333334,136.805,愛知,51261.0,官,ｾﾝﾄﾚｱ
a1576,阿蔵,35.07833333333333,137.41333333333333,愛知,51192.0,雨,ｱｿﾞｳ
a1638,大府,34.995,136.94333333333333,愛知,51216.0,四,ｵｵﾌﾞ
a0440,白糸,35.31166666666667,138.57833333333335,静岡,50056.0,雨,ｼﾗｲﾄ
a0441,御殿場,35.305,138.92666666666668,静岡,50136.0,四,ｺﾞﾃﾝﾊﾞ
a0442,富士,35.185,138.66333333333333,静岡,50196.0,四,ﾌｼﾞ
s47657,三島,35.11333333333334,138.925,静岡,50206.0,官,ﾐｼﾏ
a0445,川根本町,35.10166666666667,138.12833333333333,静岡,50241.0,四,ｶﾜﾈﾎﾝﾁｮｳ
s47668,網代,35.045,139.09166666666667,静岡,50281.0,官,ｱｼﾞﾛ
a0448,高根山,34.975,138.19666666666666,静岡,50317.0,雨,ﾀｶﾈｻﾝ
s47656,静岡,34.975,138.40333333333334,静岡,50331.0,官,ｼｽﾞｵｶ
a0451,天竜,34.89,137.81333333333333,静岡,50386.0,四,ﾃﾝﾘｭｳ
a0453,湯ケ島,34.9,138.925,静岡,50426.0,雨,ﾕｶﾞｼﾏ
a0454,天城山,34.87166666666667,139.02333333333334,静岡,50427.0,雨,ｱﾏｷﾞｻﾝ
s47654,浜松,34.75333333333333,137.71166666666667,静岡,50456.0,官,ﾊﾏﾏﾂ
a0456,松崎,34.755,138.78333333333333,静岡,50491.0,四,ﾏﾂｻﾞｷ
a0457,稲取,34.781666666666666,139.04833333333335,静岡,50506.0,四,ｲﾅﾄﾘ
s47655,御前崎,34.60333333333333,138.21333333333334,静岡,50551.0,官,ｵﾏｴｻﾞｷ
s47666,石廊崎,34.60333333333333,138.84166666666667,静岡,50561.0,官,ｲﾛｳｻﾞｷ
a0986,佐久間,35.056666666666665,137.76166666666666,静岡,50226.0,四,ｻｸﾏ
a0987,土肥,34.876666666666665,138.76166666666666,静岡,50416.0,雨,ﾄｲ
a0988,三ヶ日,34.80166666666667,137.55666666666667,静岡,50371.0,雨,ﾐｯｶﾋﾞ
a0989,掛川,34.76833333333333,137.995,静岡,50466.0,雨,ｶｹｶﾞﾜ
a1105,熊,34.958333333333336,137.73333333333332,静岡,50296.0,雨,ｸﾏ
a1243,清水,35.053333333333335,138.52166666666668,静岡,50261.0,四,ｼﾐｽﾞ
a1243,清水,35.053333333333335,138.52166666666668,和歌山,65121.0,四,ｼﾐｽﾞ
a1243,清水,35.053333333333335,138.52166666666668,高知,74516.0,官,ｼﾐｽﾞ
a1244,磐田,34.69166666666667,137.88,静岡,50536.0,四,ｲﾜﾀ
a1335,菊川牧之原,34.785,138.13833333333332,静岡,50476.0,四,ｷｸｶﾞﾜﾏｷﾉﾊﾗ
a1338,井川,35.21666666666667,138.22166666666666,静岡,50106.0,四,ｲｶﾜ
a1393,三倉,34.895,137.94,静岡,50391.0,雨,ﾐｸﾗ
a1440,鍵穴,35.04833333333333,138.24666666666667,静岡,50247.0,雨,ｶｷﾞｱﾅ
s47639,富士山,35.36,138.72666666666666,静岡,50066.0,官,ﾌｼﾞｻﾝ
a1601,静岡空港,34.795,138.18833333333333,静岡,50477.0,官,ｼｽﾞｵｶｸｳｺｳ
a1662,春野,35.01166666666666,137.945,静岡,50232.0,雨,ﾊﾙﾉ
a1668,有東木,35.20666666666666,138.36833333333334,静岡,50112.0,雨,ｳﾄｳｷﾞ
a0387,相模湖,35.61333333333333,139.19333333333333,神奈川,46001.0,雨,ｻｶﾞﾐｺ
a0388,海老名,35.43333333333333,139.38666666666666,神奈川,46091.0,四,ｴﾋﾞﾅ
s47670,横浜,35.43833333333333,139.65166666666667,神奈川,46106.0,官,ﾖｺﾊﾏ
a0390,箱根,35.221666666666664,139.04166666666666,神奈川,46161.0,雨,ﾊｺﾈ
a0392,三浦,35.178333333333335,139.63,神奈川,46211.0,四,ﾐｳﾗ
a1005,相模原中央,35.571666666666665,139.37,神奈川,46046.0,雨,ｻｶﾞﾐﾊﾗﾁｭｳｵｳ
a1006,日吉,35.55166666666667,139.65,神奈川,46061.0,雨,ﾋﾖｼ
a1007,平塚,35.345,139.305,神奈川,46136.0,雨,ﾋﾗﾂｶ
a1008,小田原,35.276666666666664,139.155,神奈川,46166.0,四,ｵﾀﾞﾜﾗ
a1096,丹沢湖,35.41,139.04333333333332,神奈川,46076.0,雨,ﾀﾝｻﾞﾜｺ
a1443,辻堂,35.32,139.45,神奈川,46141.0,四,ﾂｼﾞﾄﾞｳ
a0365,小河内,35.791666666666664,139.05,東京,44046.0,四,ｵｺﾞｳﾁ
a0366,八王子,35.666666666666664,139.31666666666666,東京,44112.0,四,ﾊﾁｵｳｼﾞ
a0368,世田谷,35.626666666666665,139.62,東京,44126.0,雨,ｾﾀｶﾞﾔ
s47662,東京,35.69166666666667,139.75,東京,44132.0,官,ﾄｳｷｮｳ
s47662,東京,35.69166666666667,139.75,東京,44132.0,官,ﾄｳｷｮｳ
a0370,江戸川臨海,35.638333333333335,139.86333333333334,東京,44136.0,四,ｴﾄﾞｶﾞﾜﾘﾝｶｲ
a0371,羽田,35.553333333333335,139.78,東京,44166.0,官,ﾊﾈﾀﾞ
s47675,大島,34.748333333333335,139.36166666666668,東京,44172.0,官,ｵｵｼﾏ
s47677,三宅島,34.123333333333335,139.52,東京,44226.0,官,ﾐﾔｹｼﾞﾏ
s47678,八丈島,33.12166666666667,139.77833333333334,東京,44263.0,官,ﾊﾁｼﾞｮｳｼﾞﾏ
s47678,八丈島,33.12166666666667,139.77833333333334,東京,44263.0,官,ﾊﾁｼﾞｮｳｼﾞﾏ
a1001,青梅,35.788333333333334,139.31166666666667,東京,44056.0,四,ｵｳﾒ
a1002,練馬,35.73833333333333,139.59166666666667,東京,44071.0,四,ﾈﾘﾏ
a1133,府中,35.68333333333333,139.48333333333332,東京,44116.0,四,ﾌﾁｭｳ
a1133,府中,35.68333333333333,139.48333333333332,広島,67326.0,四,ﾌﾁｭｳ
a1180,小沢,35.735,139.12333333333333,東京,44051.0,雨,ｵｻﾞﾜ
s47971,父島,27.091666666666665,142.19,東京,44301.0,官,ﾁﾁｼﾞﾏ
a1467,大島北ノ山,34.781666666666666,139.36,東京,44173.0,官,ｵｵｼﾏｷﾀﾉﾔﾏ
a1468,八重見ヶ原,33.115,139.785,東京,44262.0,官,ﾔｴﾐｶﾞﾊﾗ
a1506,三宅坪田,34.07333333333333,139.56,東京,44228.0,官,ﾐﾔｹﾂﾎﾞﾀ
a1522,新島,34.36833333333333,139.26833333333335,東京,44207.0,官,ﾆｲｼﾞﾏ
a1523,神津島,34.18833333333333,139.13333333333333,東京,44216.0,官,ｺｳﾂﾞｼﾏ
s47991,南鳥島,24.288333333333334,153.98333333333332,東京,44356.0,官,ﾐﾅﾐﾄﾘｼﾏ
a1595,母島,26.635,142.16166666666666,東京,44316.0,雨,ﾊﾊｼﾞﾏ
a1646,利島,34.528333333333336,139.28166666666667,東京,44191.0,雨,ﾄｼﾏ
a1648,青ヶ島,32.46666666666667,139.76,東京,44281.0,雨,ｱｵｶﾞｼﾏ
a0375,香取,35.858333333333334,140.50166666666667,千葉,45081.0,四,ｶﾄﾘ
a0376,我孫子,35.86333333333333,140.11,千葉,45061.0,四,ｱﾋﾞｺ
a0377,東庄,35.795,140.68166666666667,千葉,45086.0,雨,ﾄｳﾉｼｮｳ
a0378,成田,35.763333333333335,140.385,千葉,45121.0,官,ﾅﾘﾀ
s47648,銚子,35.73833333333333,140.85666666666665,千葉,45148.0,官,ﾁｮｳｼ
s47648,銚子,35.73833333333333,140.85666666666665,千葉,45148.0,官,ﾁｮｳｼ
s47682,千葉,35.60166666666667,140.10333333333332,千葉,45212.0,官,ﾁﾊﾞ
a0381,茂原,35.43666666666667,140.29333333333332,千葉,45261.0,四,ﾓﾊﾞﾗ
a0382,木更津,35.361666666666665,139.94,千葉,45282.0,四,ｷｻﾗﾂﾞ
a0383,鋸南,35.12166666666667,139.83666666666667,千葉,45346.0,雨,ｷｮﾅﾝ
a0384,鴨川,35.111666666666665,140.1,千葉,45361.0,四,ｶﾓｶﾞﾜ
s47674,勝浦,35.15,140.31166666666667,千葉,45371.0,官,ｶﾂｳﾗ
s47672,館山,34.986666666666665,139.865,千葉,45401.0,官,ﾀﾃﾔﾏ
a0916,佐倉,35.72833333333333,140.21166666666667,千葉,45116.0,四,ｻｸﾗ
a1003,横芝光,35.655,140.505,千葉,45181.0,四,ﾖｺｼﾊﾞﾋｶﾘ
a1004,大多喜,35.251666666666665,140.215,千葉,45331.0,雨,ｵｵﾀｷ
a1236,船橋,35.711666666666666,140.04333333333332,千葉,45106.0,四,ﾌﾅﾊﾞｼ
a1238,牛久,35.39666666666667,140.14833333333334,千葉,45291.0,四,ｳｼｸ
a1241,坂畑,35.235,140.09833333333333,千葉,45326.0,四,ｻｶﾊﾀ
a0832,鹿北,33.115,130.69166666666666,熊本,86006.0,四,ｶﾎｸ
a0833,南小国,33.10333333333333,131.06666666666666,熊本,86066.0,四,ﾐﾅﾐｵｸﾞﾆ
a0834,岱明,32.915,130.51166666666666,熊本,86086.0,四,ﾀｲﾒｲ
a0835,菊池,32.945,130.78166666666667,熊本,86101.0,四,ｷｸﾁ
s47819,熊本,32.81333333333333,130.70666666666668,熊本,86141.0,官,ｸﾏﾓﾄ
s47819,熊本,32.81333333333333,130.70666666666668,熊本,86141.0,官,ｸﾏﾓﾄ
a0840,高森,32.821666666666665,131.125,熊本,86161.0,四,ﾀｶﾓﾘ
a0842,甲佐,32.67166666666667,130.81666666666666,熊本,86236.0,四,ｺｳｻ
a0843,松島,32.515,130.44666666666666,熊本,86271.0,四,ﾏﾂｼﾏ
a0845,本渡,32.468333333333334,130.18,熊本,86316.0,四,ﾎﾝﾄﾞ
a0846,八代,32.473333333333336,130.60666666666665,熊本,86336.0,四,ﾔﾂｼﾛ
s47824,人吉,32.21666666666667,130.755,熊本,86467.0,官,ﾋﾄﾖｼ
s47838,牛深,32.196666666666665,130.02666666666667,熊本,86491.0,官,ｳｼﾌﾞｶ
a0923,益城,32.836666666666666,130.855,熊本,86146.0,官,ﾏｼｷ
a0924,水俣,32.205,130.40666666666667,熊本,86451.0,四,ﾐﾅﾏﾀ
a0925,多良木,32.295,130.95,熊本,86478.0,雨,ﾀﾗｷﾞ
a0926,上,32.225,130.905,熊本,86477.0,四,ｳｴ
a0946,田浦,32.36333333333334,130.50833333333333,熊本,86396.0,雨,ﾀﾉｳﾗ
a1081,三角,32.611666666666665,130.47833333333332,熊本,86216.0,四,ﾐｽﾐ
a1086,湯前横谷,32.263333333333335,131.04333333333332,熊本,86481.0,雨,ﾕﾉﾏｴﾖｺﾀﾆ
a1240,阿蘇乙姫,32.946666666666665,131.04,熊本,86111.0,四,ｱｿｵﾄﾋﾒ
a1368,五木,32.395,130.82666666666665,熊本,86411.0,雨,ｲﾂｷ
a1435,山江,32.30166666666667,130.74666666666667,熊本,86407.0,雨,ﾔﾏｴ
a1580,宇土,32.7,130.65666666666667,熊本,86181.0,雨,ｳﾄ
a1581,一勝地,32.245,130.645,熊本,86461.0,雨,ｲｯｼｮｳﾁ
a1613,山都,32.711666666666666,130.95833333333334,熊本,86197.0,雨,ﾔﾏﾄ
a1660,南阿蘇,32.83166666666666,131.01333333333332,熊本,86157.0,四,ﾐﾅﾐｱｿ
a0794,中津,33.586666666666666,131.245,大分,83051.0,四,ﾅｶﾂ
a0795,豊後高田,33.57,131.43333333333334,大分,83061.0,四,ﾌﾞﾝｺﾞﾀｶﾀﾞ
a0796,武蔵,33.47833333333333,131.73666666666668,大分,83126.0,官,ﾑｻｼ
s47814,日田,33.321666666666665,130.92833333333334,大分,83137.0,官,ﾋﾀ
a0799,湯布院,33.25333333333333,131.34666666666666,大分,83201.0,四,ﾕﾌｲﾝ
s47815,大分,33.235,131.61833333333334,大分,83216.0,官,ｵｵｲﾀ
a0801,佐賀関,33.248333333333335,131.865,大分,83226.0,雨,ｻｶﾞﾉｾｷ
a0805,犬飼,33.065,131.63166666666666,大分,83341.0,四,ｲﾇｶｲ
a0806,竹田,32.973333333333336,131.39833333333334,大分,83371.0,四,ﾀｹﾀ
a0808,佐伯,32.95,131.90166666666667,大分,83401.0,四,ｻｲｷ
a0810,蒲江,32.795,131.92333333333335,大分,83476.0,四,ｶﾏｴ
a0931,院内,33.42,131.31666666666666,大分,83106.0,四,ｲﾝﾅｲ
a0932,玖珠,33.291666666666664,131.155,大分,83191.0,四,ｸｽ
a0933,臼杵,33.13166666666667,131.79666666666665,大分,83286.0,雨,ｳｽｷ
a0979,耶馬渓,33.445,131.115,大分,83096.0,雨,ﾔﾊﾞｹｲ
a1137,国見,33.678333333333335,131.575,大分,83021.0,四,ｸﾆﾐ
a1142,宇目,32.845,131.675,大分,83431.0,四,ｳﾒ
a1237,杵築,33.416666666666664,131.59666666666666,大分,83121.0,四,ｷﾂｷ
a1554,椿ヶ鼻,33.19,130.915,大分,83242.0,雨,ﾂﾊﾞｷｶﾞﾊﾅ
a0732,大三島,34.25,133.00666666666666,愛媛,73001.0,四,ｵｵﾐｼﾏ
a0733,玉川,34.01833333333333,132.94,福島,36581.0,官,ﾀﾏｶﾜ
a0733,玉川,34.01833333333333,132.94,愛媛,73071.0,雨,ﾀﾏｶﾞﾜ
a0734,新居浜,33.93666666666667,133.33833333333334,愛媛,73141.0,四,ﾆｲﾊﾏ
a0735,四国中央,33.98166666666667,133.58166666666668,愛媛,73151.0,四,ｼｺｸﾁｭｳｵｳ
s47887,松山,33.843333333333334,132.77666666666667,愛媛,73166.0,官,ﾏﾂﾔﾏ
s47887,松山,33.843333333333334,132.77666666666667,愛媛,73166.0,官,ﾏﾂﾔﾏ
a0737,上林,33.73833333333333,132.89,愛媛,73231.0,雨,ｶﾐﾊﾔｼ
a0738,成就社,33.795,133.13166666666666,愛媛,73247.0,雨,ｼﾞｮｳｼﾞｭｼｬ
a0739,長浜,33.61666666666667,132.48,滋賀,60061.0,四,ﾅｶﾞﾊﾏ
a0739,長浜,33.61666666666667,132.48,愛媛,73256.0,四,ﾅｶﾞﾊﾏ
a0740,中山,33.638333333333335,132.70833333333334,愛媛,73271.0,雨,ﾅｶﾔﾏ
a0741,久万,33.663333333333334,132.895,愛媛,73276.0,四,ｸﾏ
a0742,獅子越峠,33.54333333333334,132.83166666666668,愛媛,73321.0,雨,ｼｼｺﾞｴﾄｳｹﾞ
a0743,八幡浜,33.44833333333333,132.43333333333334,愛媛,73351.0,雨,ﾔﾜﾀﾊﾏ
s47892,宇和島,33.22666666666667,132.55166666666668,愛媛,73442.0,官,ｳﾜｼﾞﾏ
a0745,御荘,32.96333333333333,132.57,愛媛,73516.0,四,ﾐｼｮｳ
a0958,西条,33.915,133.08,愛媛,73126.0,四,ｻｲｼﾞｮｳ
a0959,大洲,33.50833333333333,132.535,愛媛,73306.0,四,ｵｵｽﾞ
a0961,宇和,33.36666666666667,132.50333333333333,愛媛,73406.0,四,ｳﾜ
a1077,今治,34.053333333333335,132.975,愛媛,73076.0,四,ｲﾏﾊﾞﾘ
a1260,富郷,33.915,133.51,愛媛,73152.0,雨,ﾄﾐｻﾄ
a1350,近永,33.25333333333333,132.675,愛媛,73446.0,四,ﾁｶﾅｶﾞ
a1456,瀬戸,33.446666666666665,132.25666666666666,愛媛,73341.0,四,ｾﾄ
a1521,松山南吉田,33.82666666666667,132.69833333333332,愛媛,73168.0,官,ﾏﾂﾔﾏﾐﾅﾐﾖｼﾀﾞ
a0726,内海,34.471666666666664,134.27333333333334,香川,72061.0,四,ｳﾁﾉﾐ
s47891,高松,34.318333333333335,134.05333333333334,渡島,23281.0,官,ﾀｶﾏﾂ
s47891,高松,34.318333333333335,134.05333333333334,香川,72086.0,官,ﾀｶﾏﾂ
s47890,多度津,34.275,133.75166666666667,香川,72111.0,官,ﾀﾄﾞﾂ
a0729,滝宮,34.236666666666665,133.92333333333335,香川,72121.0,四,ﾀｷﾉﾐﾔ
a0730,引田,34.21333333333333,134.40666666666667,香川,72146.0,四,ﾋｹﾀ
a0731,竜王山,34.11333333333334,134.05,徳島,72176.0,雨,ﾘｭｳｵｳｻﾞﾝ
a1239,財田,34.12,133.77166666666668,香川,72161.0,四,ｻｲﾀ
a1475,香南,34.21333333333333,134.015,香川,72126.0,官,ｺｳﾅﾝ
a0642,葛城山,34.346666666666664,135.43666666666667,和歌山,65021.0,雨,ｶﾂﾗｷﾞｻﾝ
s47777,和歌山,34.22833333333333,135.16333333333333,和歌山,65042.0,官,ﾜｶﾔﾏ
s47777,和歌山,34.22833333333333,135.16333333333333,和歌山,65042.0,官,ﾜｶﾔﾏ
a0645,高野山,34.221666666666664,135.59,和歌山,65061.0,四,ｺｳﾔｻﾝ
a0646,護摩壇山,34.04,135.56666666666666,和歌山,65127.0,雨,ｺﾞﾏﾀﾞﾝｻﾞﾝ
a0649,新宮,33.68666666666667,135.97,和歌山,65276.0,四,ｼﾝｸﾞｳ
a0651,日置川,33.605,135.48,和歌山,65321.0,雨,ﾋｷｶﾞﾜ
s47778,潮岬,33.45,135.75666666666666,和歌山,65356.0,官,ｼｵﾉﾐｻｷ
a0971,栗栖川,33.791666666666664,135.51333333333332,和歌山,65256.0,四,ｸﾘｽｶﾞﾜ
a0978,湯浅,34.035,135.18166666666667,和歌山,65106.0,雨,ﾕｱｻ
a1063,清水,34.086666666666666,135.425,静岡,50261.0,四,ｼﾐｽﾞ
a1063,清水,34.086666666666666,135.425,和歌山,65121.0,四,ｼﾐｽﾞ
a1063,清水,34.086666666666666,135.425,高知,74516.0,官,ｼﾐｽﾞ
a1074,本宮,33.836666666666666,135.77333333333334,和歌山,65226.0,雨,ﾎﾝｸﾞｳ
a1089,龍神,33.945,135.55666666666667,和歌山,65162.0,四,ﾘｭｳｼﾞﾝ
a1172,色川,33.675,135.84833333333333,和歌山,65311.0,雨,ｲﾛｶﾜ
a1342,かつらぎ,34.31,135.52833333333334,和歌山,65026.0,四,ｶﾂﾗｷﾞ
a1347,西川,33.638333333333335,135.71,和歌山,65306.0,四,ﾆｼｶﾜ
a1457,友ケ島,34.28,134.99833333333333,和歌山,65036.0,四,ﾄﾓｶﾞｼﾏ
a1485,川辺,33.89333333333333,135.21666666666667,和歌山,65201.0,四,ｶﾜﾍﾞ
a1589,南紀白浜,33.66166666666667,135.36333333333334,和歌山,65288.0,官,ﾅﾝｷｼﾗﾊﾏ
s47823,阿久根,32.026666666666664,130.2,鹿児島,88061.0,官,ｱｸﾈ
a0875,大口,32.04666666666667,130.62666666666667,鹿児島,88081.0,四,ｵｵｸﾁ
a0877,紫尾山,31.98,130.36666666666667,鹿児島,88101.0,雨,ｼﾋﾞｻﾝ
a0878,さつま柏原,31.916666666666668,130.455,鹿児島,88107.0,四,ｻﾂﾏｶｼﾜﾊﾞﾙ
a0879,中甑,31.835,129.86666666666667,鹿児島,88131.0,四,ﾅｶｺｼｷ
a0880,川内,31.833333333333332,130.315,福島,36501.0,四,ｶﾜｳﾁ
a0880,川内,31.833333333333332,130.315,鹿児島,88151.0,四,ｾﾝﾀﾞｲ
a0881,溝辺,31.803333333333335,130.71833333333333,鹿児島,88166.0,官,ﾐｿﾞﾍﾞ
a0882,八重山,31.746666666666666,130.43833333333333,鹿児島,88211.0,雨,ﾔｴﾔﾏ
a0883,東市来,31.668333333333333,130.32833333333335,鹿児島,88261.0,四,ﾋｶﾞｼｲﾁｷ
s47827,鹿児島,31.555,130.54666666666665,鹿児島,88317.0,官,ｶｺﾞｼﾏ
a0887,加世田,31.415,130.325,鹿児島,88371.0,四,ｶｾﾀﾞ
a0888,吉ケ別府,31.458333333333332,130.86166666666668,鹿児島,88392.0,雨,ﾖｼｶﾞﾍﾞｯﾌﾟ
a0890,喜入,31.386666666666667,130.54,鹿児島,88432.0,四,ｷｲﾚ
s47831,枕崎,31.27166666666667,130.29166666666666,鹿児島,88466.0,官,ﾏｸﾗｻﾞｷ
a0893,指宿,31.25,130.63666666666666,鹿児島,88486.0,四,ｲﾌﾞｽｷ
a0895,内之浦,31.276666666666667,131.055,鹿児島,88506.0,四,ｳﾁﾉｳﾗ
s47837,種子島,30.72,130.98166666666665,鹿児島,88612.0,官,ﾀﾈｶﾞｼﾏ
a0897,中種子,30.605,130.99166666666667,鹿児島,88621.0,官,ﾅｶﾀﾈ
a0898,上中,30.406666666666666,130.90166666666667,鹿児島,88666.0,四,ｶﾐﾅｶ
a0899,尾之間,30.235,130.555,鹿児島,88706.0,四,ｵﾉｱｲﾀﾞ
s47909,名瀬,28.378333333333334,129.495,鹿児島,88836.0,官,ﾅｾﾞ
s47836,屋久島,30.385,130.65833333333333,鹿児島,88686.0,官,ﾔｸｼﾏ
s47942,沖永良部,27.431666666666665,128.705,鹿児島,88971.0,官,ｵｷﾉｴﾗﾌﾞ
a0934,出水,32.093333333333334,130.35166666666666,鹿児島,88066.0,雨,ｲｽﾞﾐ
a0935,牧之原,31.661666666666665,130.84333333333333,鹿児島,88286.0,四,ﾏｷﾉﾊﾗ
a0936,志布志,31.47833333333333,131.095,鹿児島,88406.0,四,ｼﾌﾞｼ
a0937,鹿屋,31.391666666666666,130.86333333333334,鹿児島,88442.0,四,ｶﾉﾔ
a0980,古仁屋,28.143333333333334,129.315,鹿児島,88901.0,四,ｺﾆﾔ
a1136,田代,31.198333333333334,130.84333333333333,群馬,42221.0,四,ﾀｼﾛ
a1136,田代,31.198333333333334,130.84333333333333,鹿児島,88536.0,四,ﾀｼﾛ
a1139,伊仙,27.676666666666666,128.97333333333333,鹿児島,88956.0,四,ｲｾﾝ
a1146,輝北,31.588333333333335,130.855,鹿児島,88331.0,四,ｷﾎｸ
a1149,大隅,31.58,131.005,鹿児島,88341.0,雨,ｵｵｽﾐ
a1161,佐多,31.093333333333334,130.69,鹿児島,88551.0,雨,ｻﾀ
a1181,肝付前田,31.34,130.93833333333333,鹿児島,88447.0,四,ｷﾓﾂｷﾏｴﾀﾞ
a1277,与論島,27.043333333333333,128.40166666666667,鹿児島,88986.0,官,ﾖﾛﾝｼﾞﾏ
a1296,喜界島,28.32,129.92666666666668,鹿児島,88851.0,官,ｷｶｲｼﾞﾏ
a1520,笠利,28.43,129.71166666666667,鹿児島,88821.0,官,ｶｻﾘ
a1540,中之島,29.84,129.86666666666667,鹿児島,88736.0,四,ﾅｶﾉｼﾏ
a1542,天城,27.835,128.88,鹿児島,88931.0,官,ｱﾏｷﾞ
a1647,宝島,29.151666666666667,129.20166666666665,鹿児島,88781.0,雨,ﾀｶﾗｼﾞﾏ
a1654,諏訪之瀬島,29.61,129.705,鹿児島,88756.0,雨,ｽﾜﾉｾｼﾞﾏ
a1655,小宝島,29.225,129.32833333333335,鹿児島,88776.0,雨,ｺﾀﾞｶﾗｼﾞﾏ
a1658,平島,29.683333333333334,129.52833333333334,鹿児島,88746.0,雨,ﾀｲﾗｼﾞﾏ
a0852,高千穂,32.711666666666666,131.29,宮崎,87041.0,四,ﾀｶﾁﾎ
s47822,延岡,32.58166666666666,131.65666666666667,宮崎,87141.0,官,ﾉﾍﾞｵｶ
s47822,延岡,32.58166666666666,131.65666666666667,宮崎,87141.0,官,ﾉﾍﾞｵｶ
a0857,日向,32.40833333333333,131.6,宮崎,87181.0,四,ﾋｭｳｶﾞ
a0859,高鍋,32.123333333333335,131.475,宮崎,87293.0,四,ﾀｶﾅﾍﾞ
a0860,加久藤,32.04666666666667,130.81,宮崎,87301.0,四,ｶｸﾄｳ
a0861,西都,32.06333333333333,131.41333333333333,宮崎,87331.0,四,ｻｲﾄ
a0862,えびの高原,31.945,130.84,宮崎,87346.0,雨,ｴﾋﾞﾉｺｳｹﾞﾝ
a0863,小林,32.0,130.95333333333335,宮崎,87352.0,四,ｺﾊﾞﾔｼ
a0864,野尻,31.956666666666667,131.15666666666667,宮崎,87361.0,雨,ﾉｼﾞﾘ
a0865,国富,32.00666666666667,131.29666666666665,宮崎,87371.0,雨,ｸﾆﾄﾐ
s47830,宮崎,31.938333333333333,131.41333333333333,宮崎,87376.0,官,ﾐﾔｻﾞｷ
s47829,都城,31.73,131.08166666666668,宮崎,87426.0,官,ﾐﾔｺﾉｼﾞｮｳ
s47835,油津,31.578333333333333,131.40666666666667,宮崎,87492.0,官,ｱﾌﾞﾗﾂ
s47835,油津,31.578333333333333,131.40666666666667,宮崎,87492.0,官,ｱﾌﾞﾗﾂ
a0872,串間,31.465,131.22,宮崎,87501.0,四,ｸｼﾏ
a1135,古江,32.711666666666666,131.82,宮崎,87066.0,四,ﾌﾙｴ
a1164,深瀬,31.636666666666667,131.25,宮崎,87461.0,雨,ﾌｶｾ
a1343,諸塚,32.516666666666666,131.335,宮崎,87127.0,雨,ﾓﾛﾂｶ
a1345,西米良,32.24,131.15166666666667,宮崎,87231.0,四,ﾆｼﾒﾗ
a1348,鞍岡,32.64333333333333,131.15666666666667,宮崎,87071.0,四,ｸﾗｵｶ
a1353,神門,32.385,131.33166666666668,宮崎,87206.0,四,ﾐｶﾄﾞ
a1432,北方,32.56166666666667,131.525,宮崎,87136.0,雨,ｷﾀｶﾀ
a1481,赤江,31.876666666666665,131.44833333333332,宮崎,87412.0,官,ｱｶｴ
a1608,都農,32.28333333333333,131.54166666666666,宮崎,87251.0,雨,ﾂﾉ
a1609,日之影,32.681666666666665,131.40666666666667,宮崎,87086.0,雨,ﾋﾉｶｹﾞ
a1636,椎葉,32.475,131.10333333333332,宮崎,87157.0,雨,ｼｲﾊﾞ
a1663,田野,31.843333333333334,131.30833333333334,高知,74276.0,雨,ﾀﾉ
a1663,田野,31.843333333333334,131.30833333333334,宮崎,87406.0,四,ﾀﾉ
a0746,本山,33.75333333333333,133.575,高知,74071.0,四,ﾓﾄﾔﾏ
a0747,繁藤,33.678333333333335,133.685,高知,74126.0,雨,ｼｹﾞﾄｳ
a0748,佐川,33.51166666666666,133.27166666666668,高知,74166.0,雨,ｻｶﾜ
s47893,高知,33.56666666666667,133.54833333333335,高知,74182.0,官,ｺｳﾁ
s47893,高知,33.56666666666667,133.54833333333335,高知,74182.0,官,ｺｳﾁ
a0753,鳥形山,33.48,133.08333333333334,高知,74238.0,雨,ﾄﾘｶﾞﾀﾔﾏ
a0754,船戸,33.416666666666664,133.08833333333334,高知,74237.0,雨,ﾌﾅﾄ
a0755,安芸,33.48833333333334,133.93333333333334,高知,74271.0,四,ｱｷ
a0756,須崎,33.385,133.27666666666667,高知,74311.0,四,ｽｻｷ
a0757,佐喜浜,33.41166666666667,134.19833333333332,高知,74336.0,雨,ｻｷﾊﾏ
a0758,窪川,33.20666666666666,133.12833333333333,高知,74361.0,四,ｸﾎﾞｶﾜ
s47899,室戸岬,33.251666666666665,134.17666666666668,高知,74372.0,官,ﾑﾛﾄﾐｻｷ
s47899,室戸岬,33.251666666666665,134.17666666666668,高知,74372.0,官,ﾑﾛﾄﾐｻｷ
a0761,大正,33.193333333333335,132.97166666666666,高知,74391.0,雨,ﾀｲｼｮｳ
s47897,宿毛,32.92,132.695,高知,74447.0,官,ｽｸﾓ
a0763,中村,32.99,132.92,高知,74456.0,四,ﾅｶﾑﾗ
s47898,清水,32.721666666666664,133.01,静岡,50261.0,四,ｼﾐｽﾞ
s47898,清水,32.721666666666664,133.01,和歌山,65121.0,四,ｼﾐｽﾞ
s47898,清水,32.721666666666664,133.01,高知,74516.0,官,ｼﾐｽﾞ
a0921,梼原,33.39,132.92166666666665,高知,74296.0,四,ﾕｽﾊﾗ
a0955,田野,33.42666666666667,134.00666666666666,高知,74276.0,雨,ﾀﾉ
a0955,田野,33.42666666666667,134.00666666666666,宮崎,87406.0,四,ﾀﾉ
a1179,池川,33.60666666666667,133.17,高知,74101.0,雨,ｲｹｶﾞﾜ
a1229,大栃,33.69833333333333,133.875,高知,74136.0,四,ｵｵﾄﾞﾁ
a1233,佐賀,33.07833333333333,133.10166666666666,高知,74436.0,四,ｻｶﾞ
a1233,佐賀,33.07833333333333,133.10166666666666,佐賀,85142.0,官,ｻｶﾞ
a1235,江川崎,33.17,132.79166666666666,高知,74381.0,四,ｴｶﾜｻｷ
a1249,後免,33.59,133.64333333333335,高知,74187.0,四,ｺﾞﾒﾝ
a1281,魚梁瀬,33.615,134.10833333333332,高知,74151.0,雨,ﾔﾅｾ
a1351,本川,33.765,133.33833333333334,高知,74056.0,四,ﾎﾝｶﾞﾜ
a1476,南国日章,33.545,133.66833333333332,高知,74188.0,官,ﾅﾝｺｸﾆｯｼｮｳ
a1556,三崎,32.795,132.87166666666667,高知,74506.0,雨,ﾐｻｷ
a0720,池田,34.02333333333333,133.795,十勝,20441.0,四,ｲｹﾀﾞ
a0720,池田,34.02333333333333,133.795,徳島,71066.0,四,ｲｹﾀﾞ
s47895,徳島,34.06666666666667,134.57333333333332,徳島,71106.0,官,ﾄｸｼﾏ
s47895,徳島,34.06666666666667,134.57333333333332,徳島,71106.0,官,ﾄｸｼﾏ
a0724,日和佐,33.73166666666667,134.53833333333333,徳島,71266.0,四,ﾋﾜｻ
a0972,穴吹,34.04,134.15666666666667,徳島,71087.0,四,ｱﾅﾌﾞｷ
a1098,福原旭,33.87833333333333,134.38833333333332,徳島,71211.0,雨,ﾌｸﾊﾗｱｻﾋ
a1242,蒲生田,33.836666666666666,134.74166666666667,徳島,71231.0,四,ｶﾓﾀﾞ
a1252,京上,33.86666666666667,133.90333333333334,徳島,71191.0,四,ｷｮｳｼﾞｮｳ
a1327,半田,33.99,134.03666666666666,徳島,71136.0,雨,ﾊﾝﾀﾞ
a1352,木頭,33.77166666666667,134.19833333333332,徳島,71251.0,四,ｷﾄｳ
a1604,海陽,33.611666666666665,134.355,徳島,71291.0,四,ｶｲﾖｳ
a0901,奥,26.835,128.27166666666668,沖縄,91021.0,四,ｵｸ
s47940,名護,26.593333333333334,127.965,沖縄,91107.0,官,ﾅｺﾞ
a0906,読谷,26.406666666666666,127.73333333333333,沖縄,91121.0,雨,ﾖﾐﾀﾝ
a0907,胡屋,26.326666666666668,127.80333333333333,沖縄,91161.0,雨,ｺﾞﾔ
s47936,那覇,26.206666666666667,127.68666666666667,沖縄,91197.0,官,ﾅﾊ
a0909,糸数,26.153333333333332,127.765,沖縄,91241.0,四,ｲﾄｶｽﾞ
s47918,石垣島,24.336666666666666,124.16333333333333,沖縄,94081.0,官,ｲｼｶﾞｷｼﾞﾏ
a1145,伊原間,24.506666666666668,124.28,沖縄,94001.0,四,ｲﾊﾞﾙﾏ
a1147,伊是名,26.948333333333334,127.94,沖縄,91011.0,四,ｲｾﾞﾅ
s47927,宮古島,24.793333333333333,125.27833333333334,沖縄,93041.0,官,ﾐﾔｺｼﾞﾏ
s47929,久米島,26.336666666666666,126.80333333333333,沖縄,91146.0,官,ｸﾒｼﾞﾏ
a1152,渡嘉敷,26.21,127.36333333333333,沖縄,91181.0,四,ﾄｶｼｷ
a1248,城辺,24.743333333333332,125.41,沖縄,93051.0,雨,ｸﾞｽｸﾍﾞ
a1250,川平,24.466666666666665,124.14,沖縄,94036.0,雨,ｶﾋﾞﾗ
a1251,大原,24.265,123.87166666666667,沖縄,94101.0,四,ｵｵﾊﾗ
s47917,西表島,24.426666666666666,123.765,沖縄,94062.0,官,ｲﾘｵﾓﾃｼﾞﾏ
s47912,与那国島,24.466666666666665,123.01,沖縄,94017.0,官,ﾖﾅｸﾞﾆｼﾞﾏ
a1354,波照間,24.055,123.76666666666667,沖縄,94116.0,四,ﾊﾃﾙﾏ
s47945,南大東（南大東島）,25.828333333333333,131.22833333333332,,,,
a1373,本部,26.685,127.89833333333333,沖縄,91066.0,雨,ﾓﾄﾌﾞ
a1374,東,26.631666666666668,128.15333333333334,沖縄,91081.0,雨,ﾋｶﾞｼ
a1482,安次嶺,26.19333333333333,127.63833333333334,沖縄,91236.0,官,ｱｼﾐﾈ
a1483,鏡原,24.781666666666666,125.295,沖縄,93042.0,官,ｶｶﾞﾐﾊﾗ
a1490,下地島,24.826666666666668,125.14333333333333,沖縄,93012.0,官,ｼﾓｼﾞｼﾏ
a1491,仲筋,24.653333333333332,124.675,沖縄,93062.0,官,ﾅｶｽｼﾞ
a1493,所野,24.466666666666665,122.97833333333334,沖縄,94011.0,官,ﾄｺﾛﾉ
a1515,粟国,26.591666666666665,127.23833333333333,沖縄,91096.0,雨,ｱｸﾞﾆ
a1517,北大東,25.943333333333335,131.32666666666665,沖縄,92006.0,官,ｷﾀﾀﾞｲﾄｳ
a1518,旧東,25.846666666666668,131.26333333333332,沖縄,92012.0,官,ｷｭｳﾄｳ
a1534,北原,26.363333333333333,126.71333333333334,沖縄,91141.0,官,ｷﾀﾊﾗ
a1586,国頭,26.72833333333333,128.17833333333334,沖縄,91046.0,雨,ｸﾆｶﾞﾐ
a1596,宮城島,26.363333333333333,127.97166666666666,沖縄,91166.0,四,ﾐﾔｷﾞｼﾞﾏ
a1639,盛山,24.395,124.245,沖縄,94086.0,官,ﾓﾘﾔﾏ
a1651,渡名喜,26.373333333333335,127.14166666666667,沖縄,91151.0,雨,ﾄﾅｷ
s89532,昭和,69.005,39.58,,,,
